1741.967999,2203.308883,2178.328746,2125.525119,1755.282837,1983.855578,1964.047975,1898.236780,2020.629376,2249.051786,1961.265726,1874.260805,1935.102795,1767.479285,1671.219802,1584.113691,1728.954751,1775.824110,1679.626549,1514.789696,1276.213530,1518.839380,1168.549814,1378.247593,1294.290057,1278.101315,1193.994475,1146.400914,1259.967176,1406.106086,1190.648916,1528.178548,1270.265248,1321.967596,1274.096863,1371.195118,1279.951882,1197.826154,1428.507700,1350.811562,1310.087975,1656.518860,1414.509143,1723.415872,1299.718406,1191.671449,1790.943501,1660.557964,1750.340165,1372.070425,1690.032126,1894.370642,1906.811565,1659.081129,1951.683995,1962.646752,1909.607316,1948.478523,1581.332339,2164.264408,2017.191303,2007.272756,1987.762743,2051.658272
2006.536978,2212.736742,2031.432914,2194.936917,2347.330196,2051.898205,1825.539365,2322.957088,1833.527217,2248.351569,1983.482552,2296.282657,2351.120344,2010.758432,2236.262274,1747.208377,1833.972986,1825.632277,1709.378380,1781.513895,1534.898914,1334.025715,1952.130982,1466.457873,1463.244079,1503.773772,1328.676803,1165.983703,1481.305390,1356.608810,1543.621209,1453.080306,1428.798413,1392.624075,1311.888115,1455.252126,1610.425904,1458.974953,1219.966032,1221.681851,1115.773710,1542.989036,1392.626356,1500.951203,1688.912228,1778.399642,1814.559608,1893.315681,1845.439706,2033.379804,2127.028073,2073.398980,2198.735864,2269.627673,2096.917254,2201.249538,1914.280348,1730.709115,1913.609950,2147.701259,2013.503454,1875.510292,1914.896328,2250.424106
2066.165558,1890.655898,1821.397108,2125.881133,1982.177006,2221.414634,1993.059190,2111.646072,2185.036419,2406.106577,2367.257355,2051.413923,2218.757593,2064.109020,2327.715890,2193.703062,1942.611265,1910.372183,1385.424969,1785.749146,1650.704220,1535.242483,1708.005983,1650.099849,1618.756310,1348.286545,1363.348213,1329.424505,1390.738694,1463.725919,1606.101337,1755.915268,1519.412815,1654.882635,1380.262417,1508.915676,1777.755079,1330.861037,1637.976097,1307.590466,1257.131233,1666.612546,1598.543071,1606.625286,1920.480026,1760.990323,1848.317762,1835.876539,2281.162322,2044.569965,2079.393502,2317.188810,2350.909879,2274.734876,1973.707929,2047.915860,2309.565081,1990.389506,2250.156292,2175.289020,2068.483056,2008.663706,1946.415885,2133.218055
1695.770933,2313.234759,2091.179205,1968.521086,2111.535163,2589.556923,1882.388691,2080.035121,2209.389549,2764.303154,2398.983205,2077.122003,2276.882355,2318.666755,1987.013206,2181.077047,1812.427119,2094.310929,1800.891387,1852.185338,1603.120184,1615.532714,1518.423261,1764.360835,1670.087408,1721.672210,1755.699001,1754.305066,1927.152725,1640.058999,1649.332498,1836.781949,1869.112520,1860.192144,1920.950723,1651.515212,1813.429267,1665.705610,1820.971807,1836.757756,1584.719500,1701.449744,1908.057387,1873.696559,2090.214636,1825.408687,1945.309780,1940.869979,2253.187612,2407.173389,2215.668405,2279.622904,2254.454778,2315.277456,1966.452866,2176.388187,2333.660380,2142.284122,1950.466073,2097.002591,1947.954200,2333.349736,2137.425271,2111.241929
2050.504798,1985.099125,1961.043257,2192.691498,1975.865001,2012.068080,2573.174277,2244.940907,2334.927923,2510.313445,2353.820024,2412.135976,2537.017681,2038.599792,2026.896357,1997.563055,2031.705373,2207.377917,1879.903791,2097.642373,2296.705069,2077.883686,1897.938579,1925.807966,2014.849217,1916.762727,1629.696390,1820.936113,1549.887116,1746.140381,1759.170167,1781.361051,2012.260234,1821.037756,1944.518191,2072.855473,1786.183302,1828.156599,1835.444548,1784.114939,2048.585654,1989.480312,1986.770963,1800.956935,2125.144164,1962.448745,1993.930509,2330.715029,2407.164263,2052.659408,2327.925270,2547.634616,2423.038213,2683.188542,2050.455394,2461.783076,2333.821964,2131.984206,2261.211688,2124.136695,2268.446131,2419.319525,2414.654202,1867.115420
1656.388525,1859.275352,1784.613527,2178.492600,2106.176632,2037.320232,2094.377376,2334.212549,2399.323162,2550.215295,2380.713024,2355.679501,2447.892760,2400.040238,2261.906620,2509.611332,2489.248772,2157.562209,2342.445336,2175.436190,2508.934682,2171.551560,2058.679874,1953.285794,1998.629454,2079.824042,2174.923519,1761.644446,2069.172345,1964.888191,2069.268210,2107.449711,2147.074657,1960.019823,2093.345209,2139.398615,2314.959073,2315.388811,2227.428859,1875.644132,1784.759003,2242.636239,1816.783951,1826.507745,2347.499490,2164.008963,2353.569720,2361.975437,2383.778489,2261.154758,2338.338590,2536.332983,2739.034924,2464.029749,2393.114446,2434.958958,2535.202484,2475.477684,2475.031985,2222.113252,2067.928551,1931.082546,2201.596191,2019.166496
2001.425537,2113.348447,2237.276406,2069.531701,2412.366667,2340.513738,2587.052048,2601.493675,2377.623347,2943.281297,2293.543460,2407.004193,2941.456241,2584.233988,2316.932143,2554.865592,2688.445655,2239.721123,2380.211542,2270.756793,2470.696933,2244.139051,1859.608295,2223.454964,2373.340408,1973.723863,2014.836666,2309.468281,2318.905098,2297.231796,2107.931139,2057.967171,2028.776119,2714.886032,2209.041739,1948.402219,1915.734611,2076.531119,2024.012817,2096.649786,2261.730631,1918.582579,2450.646950,2372.034691,2041.128988,2240.126297,2494.497776,2564.998364,2595.869266,2444.592404,2860.649080,2715.888246,2361.423438,2502.156228,2634.192307,2694.227379,2323.242995,2258.372517,2158.933178,2197.598666,2779.347777,2407.940526,2082.795273,2049.321894
2087.113452,2062.195430,2245.460964,2136.034593,2482.037114,2382.972426,2412.550376,2253.372333,2688.820880,2445.437288,2504.186418,2553.874015,2598.744694,2495.285591,2573.112978,2548.128844,2219.004320,2446.537716,2832.954239,2448.820778,2438.219726,2192.095760,2075.956125,1936.734139,2245.454967,2319.105378,2386.743632,1813.043888,2144.819017,2264.487530,2229.044103,2097.458938,2377.428034,2386.558844,2375.401404,2232.619229,2100.939082,2342.931719,2167.272570,2374.096791,1676.645150,2167.390360,2304.797831,2430.398662,2332.661245,2393.629744,2151.720620,2603.346524,2569.880663,2880.660106,2588.358706,2598.463190,2751.365944,2363.356839,2531.771132,2652.750710,2201.320733,2283.941025,2258.976889,2411.806707,2431.603046,1937.755357,2207.599860,1840.437624
1874.833603,2091.034653,2005.448858,2233.645386,2303.752075,2366.661456,2417.922907,2680.434997,2684.991288,2455.154765,2782.559642,2871.506478,2971.863585,2758.315849,2863.207128,2333.308732,3011.776141,2435.405304,2618.821261,2555.984872,2359.951239,2407.320882,2306.037838,1986.225015,2107.048510,2329.149402,2022.804572,2352.525312,2464.237233,2265.460906,2387.168462,2394.372243,2318.020822,2348.941851,2285.674599,2168.603566,2104.283938,2157.066196,2406.912673,2343.781365,2247.207848,2140.476350,2459.328316,2492.548728,2398.669298,2905.688631,2835.442855,2539.910532,2898.723264,2912.872396,2780.540646,2880.578776,2893.926699,2992.407286,2686.334660,3021.607371,2473.705000,2608.688058,2133.647080,2437.993309,1980.355296,2209.722765,2070.866435,1927.317454
2066.461675,2088.784484,2342.264080,2136.534871,2898.450154,2444.683465,2578.880995,2511.175959,2936.547430,2763.726532,3001.717540,2968.425569,2844.819256,2717.335684,2978.789273,2967.411592,2654.964665,2237.357395,2453.635720,2639.482031,2128.786195,2618.169558,2264.958881,2624.652324,2198.883845,2368.139772,2440.085652,2439.390270,2559.927008,2389.665810,2489.037954,2346.733930,2502.236385,2783.953174,2162.592096,2223.554394,2482.474593,2194.688825,2162.004597,2746.744951,2470.817330,2424.069112,2120.563065,2361.292483,2528.877576,2809.286723,2650.919478,3140.825543,2913.937459,3128.968564,2651.056091,3026.393432,2838.060814,3229.975578,2681.906577,2906.590112,2903.870847,2133.686950,2669.793264,2336.104062,2292.466870,2391.580799,1792.190871,2024.413552
1805.198264,2503.662649,2212.887676,2438.001397,2377.591050,2384.274706,2848.226553,2967.408247,2658.840785,2903.514475,3056.768979,2818.006194,3158.057832,2883.523201,3023.070032,2648.480345,3219.428078,2372.691900,2568.985299,2480.207436,2759.537973,2443.751529,2599.693970,2198.583985,2524.647831,2267.578599,2531.988282,2391.546155,2564.559957,2577.822708,2237.076477,2579.275998,2100.282908,2273.858145,2467.846578,2401.887112,2465.249760,2454.724162,2479.892949,2363.335713,2395.041827,2548.816886,2532.838344,2729.292842,2821.132751,3257.847038,3126.783805,2807.207885,2774.952579,3142.235687,2830.213952,3451.951135,2792.890373,2452.585341,3047.156163,2730.057075,2749.064764,2408.496564,2303.178571,2580.441359,2263.955762,2353.580777,1791.584753,2182.619830
2024.031067,2238.607861,2198.102221,2236.090807,2404.195401,2678.895630,2356.705503,2836.620652,2976.180326,2919.340484,3003.669602,2854.890422,2907.192382,2829.441397,3059.242323,2624.844768,2694.815666,2520.049400,2677.069936,2563.998184,2634.703930,2764.306124,2498.946722,2444.738883,2506.381097,2232.530681,2340.069538,2347.189612,2268.733966,2480.342795,2753.995451,2302.790793,2293.849262,2721.082934,2506.931383,2698.591683,2215.676454,2373.438735,2172.499167,2508.838608,2279.860010,2646.756831,2871.242437,2274.868322,2613.473559,2861.026918,2697.534813,2835.855929,2871.306635,3080.802587,3340.858356,3202.408832,3016.997987,2847.620623,2803.820264,2835.295403,2845.054055,2780.405006,2453.269851,2499.692631,2229.692767,2058.309424,2160.534017,2060.484567
1929.768815,2173.782438,2195.236610,2286.790667,2283.444883,2282.952299,2656.397522,2568.102982,2888.678731,2715.812777,3159.440903,2814.186572,3069.594025,2910.848980,2954.673011,3024.581508,2901.151548,2829.738964,2834.861577,2599.218202,3009.388381,2709.606616,2656.987890,2758.384977,2921.380900,2283.230509,2617.394384,2455.192254,2546.001671,2546.651488,2455.490224,2248.008395,2433.090320,2428.105259,2174.158977,2666.822590,2749.077733,2414.054269,2622.110844,2672.114202,2598.700537,2405.909101,2582.469968,2811.587407,2700.049343,2606.875015,2776.149621,2885.937045,3036.852131,2650.934760,2798.792982,2841.697099,2878.023972,2937.160757,2855.564394,2582.929169,2969.072023,2827.034539,2689.310638,2611.615108,2494.361640,2061.981794,2111.251603,2072.103017
1734.241060,2174.474727,2029.184071,2169.982292,2342.836649,2408.644672,2746.084873,2823.810977,2966.478457,2754.856100,2905.123057,2960.234138,3066.323759,2989.402912,2854.906883,2811.046153,2694.945853,2842.943177,2434.570521,2734.772245,2510.308979,2693.300796,2420.530346,2132.775328,2569.435769,2363.690907,2479.269485,2378.703136,2537.745078,2258.620689,2321.631454,2339.870310,2411.240722,2070.092026,2660.935982,2584.222587,2136.663358,2336.391543,2262.805763,2238.292297,2300.214571,2727.843128,2574.415626,2284.543803,2432.190574,2456.538635,2792.512364,2875.732814,3030.762928,3185.151826,3305.135008,3108.140963,3219.331671,2765.015123,3102.688351,2744.589033,2771.176180,2617.283586,2642.421354,2422.838749,2310.349426,2384.865898,1975.256752,1878.956388
1806.925501,2018.963522,2110.088393,1752.755402,2432.701073,2665.376290,2274.283507,2838.912247,2673.935670,2737.293445,2873.636625,2884.105616,3241.904682,3149.425893,3202.163690,2781.057525,2833.721999,2627.780567,3111.890169,2865.104706,2560.618632,2488.724900,2834.406501,2653.901846,2323.366396,2396.629704,2488.805109,2589.337547,2447.562100,2000.726492,2436.803609,2463.222446,2593.277577,2321.288396,2335.829985,2399.111385,2374.434387,2561.989362,2374.591059,2537.156712,2249.989429,2337.387678,2548.887220,2566.737352,2798.750250,2633.575758,2896.286325,3162.299352,2820.889410,2842.005979,2977.863165,2788.594683,2973.678380,3130.099626,2820.345613,2910.630455,2594.716812,2451.897280,2566.250579,2451.620168,2221.620823,2042.091483,1677.368774,1918.925322
1618.758306,1792.655271,1969.170912,2400.323909,2825.702174,2236.131950,2701.419630,2646.869632,2687.916847,2553.902540,2885.750790,2865.952106,2633.019779,3105.029134,3072.833493,2725.685132,2900.412532,2793.993045,2666.360885,2558.900091,2754.394408,2629.035351,2703.638852,2427.902458,2362.534227,2171.095851,2481.669426,2445.775240,2387.090268,2513.034991,2725.206077,2195.861487,2536.981778,2190.323621,2299.827965,2197.392790,2543.654602,2377.494749,2323.567481,2302.722525,2492.030526,2748.032381,2636.281023,2547.641885,2808.625476,2827.061550,2527.687750,2456.449631,3382.346131,2992.384670,2847.853722,2774.998117,3142.155972,2673.727925,3220.867688,2522.690456,2692.506516,2446.101495,2263.826107,2593.995888,2289.147726,2159.428032,2160.066065,1833.514492
1710.742070,1839.977298,2271.281403,2347.296214,2202.119565,2376.556211,2488.827390,2492.315399,2685.292996,2700.393403,2799.787326,3146.160299,2898.949954,2858.616087,2538.288681,2764.816723,2506.442544,2647.465721,2491.803695,2634.540514,2542.781828,2813.918410,2544.804361,2573.784461,2423.082540,2707.087142,2460.962062,2063.179543,2234.361173,2485.515265,2301.819028,2362.751594,1994.409916,2056.123404,2349.067656,2411.951392,2311.609358,2350.926276,2347.962503,2242.972352,2484.254003,2561.593685,2537.095845,2687.174246,2575.828276,2611.619381,2684.159675,3022.225086,2520.383135,2918.479588,3159.242505,2720.406047,3057.697075,2615.647972,2798.213543,2337.005621,2519.748057,2387.028520,2310.065765,1866.586521,2177.000562,1761.574264,1971.615499,1808.011962
1509.090130,1831.897295,1816.029226,1913.168330,2383.259102,2449.415456,2329.930282,2318.270496,2689.258507,2783.166441,2656.233849,2672.963931,2566.405645,3023.003408,3162.578293,2729.730451,2780.694206,2867.501946,2742.706544,2653.219454,2759.443050,2658.695619,2360.635886,2532.309727,2486.774985,2467.033856,2217.897816,2544.800989,2377.311010,1738.119477,2371.990867,2772.175785,2019.158449,2508.609558,2457.260540,1908.989463,2383.943412,1865.063789,2690.957901,2567.394070,2508.723056,2817.054756,2258.040885,2429.233303,2631.978461,2754.378112,2613.604322,2467.781113,2924.965348,2792.887274,2632.347790,3184.490308,3099.925624,2732.079436,2884.689658,2789.731906,2731.132495,2455.691272,2222.535744,2384.625156,1847.727386,1675.816674,2026.792070,1537.232364
1340.231755,1391.694985,1799.507057,1912.090457,2148.899211,2018.619126,2241.834856,2473.403969,2483.236070,2761.569084,2374.799037,2392.197178,2839.943635,2507.327522,2597.741215,2858.600343,2982.949784,2472.798113,2327.730769,2489.482776,2717.687734,2192.233211,2859.762920,2534.519677,2145.372066,2520.650521,2722.720667,2506.733885,2499.464877,2364.533475,2500.808117,2335.051802,2554.290484,2177.023515,2155.890212,2354.183835,2254.902408,2183.799824,2487.520610,2346.239352,2757.147046,2421.178887,2779.109210,2486.011133,2739.769203,2783.214950,2640.856030,2853.315356,2726.073407,2688.085090,2917.717970,2867.489697,2520.454100,3126.281953,2861.998881,2697.835008,2163.032266,2385.065924,2241.399911,2075.753257,2054.867932,2019.117480,1730.951331,1489.651683
1432.853729,1598.559736,1700.184022,1893.275332,2072.686920,2223.822857,2178.304742,2357.555680,2606.489636,2280.880218,2510.806546,2405.515949,2762.114137,2708.155373,2808.636060,2572.624391,2918.685216,2690.209601,2545.165002,2459.001316,2690.430770,2328.973903,2618.261504,2589.664015,2362.939757,2350.886077,2294.074834,2202.640188,2121.995391,2378.740116,2803.328661,2456.356400,2766.596674,2441.754035,2449.032829,2085.445430,2631.507468,2295.498292,2421.425286,2102.625186,2176.842943,2421.970887,2262.730678,2338.495046,2556.311893,2955.486156,2509.139461,2863.884304,2663.922998,2772.778375,2754.450382,2595.506440,2431.408926,2614.355084,2956.175086,2103.170903,2703.170606,2027.794076,2450.317249,1920.683460,2002.267875,1611.634184,1587.053439,1538.828152
1282.493222,1713.418442,1722.846504,1524.508993,2036.814807,1879.238565,2369.551819,2502.696396,2284.282222,2665.792446,2453.762922,2766.622838,2932.949076,2422.964780,2467.260044,2136.335109,2323.002046,2491.915704,2330.019110,2085.424978,2287.896550,2617.443743,2338.482542,2322.114899,2645.873648,2575.454740,2665.631274,2285.332728,2196.662442,2513.694134,2483.308441,2242.427144,2292.307546,2523.171972,2274.294163,2172.026182,2270.796876,2285.885201,2279.718532,2322.200298,2648.253454,2335.555712,2476.524622,2213.119937,2535.042893,2614.163996,2753.884356,2817.790402,2280.230987,2516.748537,2555.458713,2566.492236,2667.060257,2532.026876,2538.572112,2301.383897,2082.030874,2079.221981,2126.367181,1731.748613,2224.325157,1693.989305,1444.124189,1339.257694
1530.372115,1544.185007,1586.965724,1547.083129,2006.412086,1676.996078,2092.610998,2185.938979,2469.976119,2656.371707,2820.979738,2595.808515,2238.738766,2535.400777,2988.117716,2573.213622,2371.312519,2425.392201,2526.362013,2511.255267,2405.471197,2265.857257,2571.307250,2182.425647,2473.014125,2802.699898,2842.262850,2455.652455,2182.098755,2361.158548,2732.014574,2262.597421,2094.718030,2173.852818,2137.827005,2590.729772,2096.999650,2369.878584,2469.754498,2438.513532,2162.926715,2272.141169,2404.329371,2369.615280,2401.070946,2240.758862,2509.931607,2250.630459,2650.756665,2568.863962,2601.139948,2583.952989,2426.511549,2134.934926,2549.185762,2044.054809,2109.562360,1573.477418,2090.102347,2076.537515,1532.556816,1670.951391,1463.829625,1486.321721
1408.106425,1350.778295,1821.569557,1394.098277,1939.993920,1951.119830,1982.107042,2435.165442,2120.829343,2600.484397,2510.500796,2218.887850,2437.766713,2363.916300,2545.107407,2577.434150,2299.941821,2345.904375,2255.244655,2208.002713,2074.413438,2373.654582,2409.678650,2318.203665,2324.593102,2742.932924,2783.151883,2505.553106,2335.847611,2602.984208,2205.378374,2688.282288,2538.228358,2426.307837,2367.960225,2530.234328,2622.710899,2583.964195,2419.238234,2519.853157,2517.038633,2595.518890,3000.662698,2297.934180,2323.139209,2594.622906,2342.958861,2497.810540,2368.858111,2810.997966,2233.641016,2692.250101,2704.314745,2656.117808,2365.638862,2175.377210,2315.436577,2210.215778,2142.628699,1802.708188,1842.331902,1662.077710,1419.632100,1179.699335
1260.772384,1499.753568,1496.574150,1557.726797,1958.543946,1943.533044,2120.166371,2152.979370,2199.280951,2239.308439,2368.971420,2275.193738,2405.561786,2560.459915,2515.640380,2275.955044,2307.816701,2416.237368,2413.559386,2191.096764,2656.195675,2477.444921,2415.554997,2286.425514,2460.008336,2570.476638,2269.789212,2535.209146,2386.084252,2813.950917,2820.519734,2455.066718,2656.695965,2323.024373,2612.024759,2264.832510,2487.287780,2610.333956,2874.372022,2706.339177,2467.755038,2440.596014,2101.959004,2157.989496,2616.852928,2620.156068,2641.918527,2433.609333,2003.366499,2391.443744,2676.639292,2547.954816,2662.474219,2029.913131,2320.261450,2595.838100,2093.830628,2007.539366,2071.038909,1677.923215,1778.930803,1498.892805,1421.110406,1444.638392
1270.166793,1220.912954,1806.678713,1867.144297,2238.203832,2133.378974,2172.946415,2475.815044,2208.500473,2535.598640,2070.408142,2613.043442,2432.784566,2402.179109,2593.429528,2594.314242,2530.994326,2426.924300,2324.268106,1976.872369,2278.767715,2636.774271,2327.913594,2567.964434,2263.143825,2493.110205,2567.617073,2203.402583,2347.189923,2472.363600,2396.488901,2328.725403,2932.364188,2793.986943,2815.671263,2832.589698,2298.424844,2244.684084,2248.015606,2534.040331,2423.686195,2289.493083,2444.552427,2427.622682,2763.936012,2495.770410,2778.064740,2321.387147,2452.210769,2326.666559,2548.713569,2722.820167,2619.078013,2435.045868,2363.916832,2483.419261,2352.295198,2248.327812,2106.190984,1812.500230,1593.064103,1619.683923,1252.296510,1568.425480
1570.147860,1465.195310,1366.939798,1839.593725,2156.587817,2111.872833,2079.689569,2329.889452,2432.707694,2493.449178,2248.077164,2400.565352,2351.813128,2357.970956,2443.211297,2238.428662,2182.412068,2300.948064,2154.607255,2192.017510,2167.504919,2340.340906,2902.182655,2581.338716,2474.440126,2675.765244,2482.404831,2867.356639,2250.322816,2609.475441,2636.927473,2411.419870,2535.937250,2580.118513,2324.605188,2382.086685,2512.466007,2766.714492,2472.726185,2597.798108,2409.140122,2174.215127,2304.142070,2644.271177,2321.232805,2381.561096,2246.317500,2489.671966,2411.070985,2647.039787,2193.016772,2580.056044,2341.230800,2386.051473,2369.264985,2302.846630,2121.537333,2238.534597,2349.974496,1987.327173,1516.831832,1693.526120,1302.778291,1663.773777
1294.849363,1263.287173,1904.952143,1609.436986,1712.078699,1905.164376,2061.080050,2249.246801,2214.606442,2449.951994,2303.585003,2848.045407,2406.473602,2111.730735,2268.326342,2347.171001,2534.139189,2204.887367,2595.287577,2531.412122,2581.115306,2459.754338,2076.784959,2682.295998,2630.967694,2630.996126,2567.232133,2798.618719,2461.296399,2643.749141,2712.390583,2793.088084,2852.983354,2558.159413,2796.688173,2594.110300,2743.083752,2160.210340,2571.724742,2347.118580,2368.068431,2469.533391,2197.283408,2616.138332,2400.373356,2257.682062,2462.622071,2248.498101,2538.539541,2541.685216,2634.102093,2467.571308,2895.637408,2381.787638,2291.130555,2552.704497,2610.487618,2353.012509,1982.279145,1831.104202,1781.530499,1442.934396,1238.289734,1203.493541
1452.052695,1395.407666,1928.302284,1798.723401,1908.524738,2189.392457,2114.486207,2014.158780,2066.951722,2360.235901,2239.616746,2252.623287,2560.943252,2841.143265,2387.821329,2484.115330,2459.049115,2511.304422,2503.392618,2183.480271,2344.008616,1994.266465,2388.119094,2399.137431,2188.492030,2504.389215,2560.428204,2617.825368,2644.761570,2436.750619,2402.704687,2926.314206,2627.737266,2849.364757,3253.617314,2395.672123,2531.074156,2682.533731,2656.369178,2204.527072,2497.963585,2211.497479,2120.795998,2315.898936,2470.742433,2093.560307,1976.819465,2398.415617,2462.845295,2628.833294,2587.922308,2379.503662,2160.311951,2531.020436,2083.298265,2098.986065,2595.961737,2250.756620,1816.943491,1962.786616,1613.037749,1726.107783,1491.058039,1265.276615
1231.168711,1317.704438,1573.971507,1708.869770,1770.613509,2131.805480,1904.357687,2615.316978,1901.760926,2425.516599,2345.950393,2660.292522,2108.212662,2527.711898,2436.949518,2194.443023,2692.032035,2892.887762,2638.677636,2484.536088,2511.609298,2233.079048,2473.565933,2577.632013,2400.754152,2511.878003,2377.820738,2421.900400,2734.185430,2538.489443,3025.351047,2970.697067,2698.884504,3298.411377,3050.005385,2636.805754,2601.955353,2695.845457,2569.763775,2751.138551,2245.825167,2351.361942,2246.973849,2449.094819,2183.084059,2571.584220,2468.631811,2381.950529,2152.390885,2483.356437,2817.672428,2705.419945,2183.903993,2323.536564,2360.470988,2515.915652,2359.714517,2514.085679,1957.628564,1881.982271,1341.325211,1329.568493,1647.809765,1331.442668
1482.082104,1264.938677,1642.420599,1450.033408,2166.854170,2124.575701,2462.365743,2232.877094,2425.963570,2300.590766,2157.822460,2215.324111,2756.504465,2560.818375,2459.031639,2278.039831,2277.052417,2344.873387,2075.087840,2310.055016,2675.980030,2421.978320,2251.136325,2320.675662,2392.181863,2810.959733,2606.402976,2932.996374,2760.999596,2664.348049,2924.642178,3089.998657,3053.144800,2912.196608,2430.234452,2871.427391,2459.145484,2529.890737,2177.213039,2474.538933,2847.469296,2459.308794,2276.323358,2517.310173,1937.317196,2271.613407,2603.422409,2530.248015,2565.594208,2367.739519,2342.608405,2189.356504,2419.761523,2613.874483,2344.826110,2187.481553,2652.044507,1967.329230,2261.169569,2050.827283,1779.554025,1545.301696,1330.721302,1312.757690
1342.451337,1153.710718,1741.225010,1854.287010,1627.260910,2040.912718,1990.094306,2041.934092,2283.692067,2598.834755,2391.639506,2487.140783,2358.858397,2247.545335,2393.201503,2098.824316,2439.800923,2265.053944,2555.625897,2291.186951,2374.657341,2337.653808,2709.318801,2573.785680,2296.071633,2777.589251,2900.436553,2849.414205,2769.033661,2866.401152,2809.443419,2711.760215,2806.909769,2537.025383,3295.333197,2795.815477,2682.840063,2419.462926,2571.979266,2793.353345,2425.893370,2388.947906,2120.007565,2353.816230,2141.432895,2397.801936,2258.388909,2404.426079,2283.844002,2287.634367,2408.947964,2048.226739,2798.501289,2360.145591,2505.066082,1841.761420,2374.016586,2417.581711,2012.980973,1842.866143,1840.492881,1256.210210,1435.813384,1541.880782
1376.393347,1420.605166,1808.926071,1729.344811,1932.570328,1981.514764,2159.045737,2545.517838,2226.548697,2772.580128,2311.953909,2259.092998,2656.729913,2614.297029,2688.233049,2629.872159,2784.143030,2203.950373,2263.632984,1967.544514,2223.463523,2553.230637,2660.356252,2519.372925,2572.212998,2429.060565,2399.873991,2783.181837,2449.095672,2770.254859,2868.643722,2849.263657,3235.147581,3147.040806,2722.472986,2931.540021,3049.315620,2790.761896,2349.227883,2607.023342,2802.686002,2448.604263,1834.272744,2103.065530,2070.578283,2287.637259,2553.003891,2361.261125,2354.923885,2365.405589,2124.427289,2639.613569,2310.520558,2360.618005,2425.648953,2086.792811,1766.115421,1989.840639,2067.166958,1590.151162,1619.647616,1454.132608,1274.927800,1534.454234
1447.779628,1577.705224,1505.882697,1831.757311,2189.547518,1984.525231,2202.026966,2453.788438,2276.236821,2427.873275,2645.378507,2439.423795,2507.426048,2064.761170,2670.014548,2161.673493,2385.796886,2631.394976,2631.231582,2290.590165,2593.457348,2515.942241,2438.130657,2442.437517,2563.759575,2325.415291,2855.105790,2854.969571,2872.084793,2694.994475,2943.149219,2977.020392,3047.221441,3181.495468,2690.876536,2892.656996,2980.465398,2859.094144,2799.492274,2635.231951,2363.084138,2306.298306,2313.737443,2520.290365,2221.885808,1843.318814,2328.704319,2533.920472,2256.736671,2109.776891,2322.718105,2367.460359,2246.254685,2579.544522,2359.929683,2245.942800,2219.855196,2285.042527,2189.803251,2072.859194,1558.626169,1812.468869,1432.825909,1457.333797
1405.854776,1488.466631,1791.225257,1414.695675,1889.519426,1959.779911,2190.098930,2230.417670,1981.532104,2336.809729,2486.073903,2531.596780,2467.131973,2798.668402,2198.445591,2418.544478,2019.821796,2639.775751,2542.576398,2170.306773,2444.091910,2097.599316,2636.649146,2422.759093,2690.749379,2350.596113,2698.823820,2872.982072,3124.140288,2967.672503,2646.420408,3135.946789,2896.185579,2758.160675,2669.819742,2502.344897,2466.096972,3167.506954,2657.686549,2692.647190,2595.865744,2205.951405,2314.332147,2578.734738,2419.957561,2096.879890,2524.784421,2314.971134,2064.895683,2598.517062,2616.895417,2340.884422,2555.785005,2742.588359,2204.572413,2110.047424,2191.381417,2189.177942,1819.654081,2087.159113,1711.409301,1682.390567,1570.627742,1317.004604
1373.625740,1219.735491,1485.935899,1717.499365,1808.432890,1944.520297,2237.805581,2130.733037,2341.273841,2406.272420,2530.215539,2361.548706,2314.183225,2272.882867,2395.003645,2284.924831,2261.164083,2458.390936,2175.191833,2517.265644,2181.313854,2389.999964,2676.530413,2911.688588,2242.929844,2681.146810,2614.929148,2929.089138,2872.494308,2782.948917,3049.102038,2656.739576,2960.223952,2872.677965,2830.109050,2563.977879,2617.112471,2637.855072,2219.898904,3248.303545,2813.052985,2634.369609,2303.594720,2359.180414,2247.136601,2313.889249,2167.435621,2593.100367,2602.053589,2163.499987,2144.168747,2512.975747,2218.007284,2642.660899,2175.040138,2063.394142,2271.936306,2346.227808,2257.273053,1741.540875,1592.694748,1986.937397,1361.362413,1335.519285
1311.362489,1361.770029,1147.282464,1682.143998,2311.961897,1923.045882,2300.636329,2120.817478,2575.045810,2368.703133,2377.992110,2284.330962,2580.463312,2281.199439,2612.579994,2244.698848,2500.960448,2540.750583,2242.168043,2331.513886,2346.362407,2395.034376,2643.178516,2558.295369,2336.391328,2326.893256,2531.386224,2680.606605,2603.043437,2680.066344,2932.655743,2776.800667,2706.800327,3049.379214,2434.737939,2728.922325,2736.996699,2725.495498,2448.265119,2769.098584,2422.187743,2098.115253,2474.203371,2423.595429,2207.720728,2572.712280,2220.003594,2237.313532,2461.654568,2387.122116,2373.852699,2298.713867,2422.085075,2217.719415,2349.516674,2259.419841,2169.444753,2295.196725,1997.707339,1966.137297,1759.070707,1509.536540,1305.345785,1173.680237
1242.605604,1338.470436,1648.300171,1665.674150,2258.473722,2084.414580,2126.435122,2302.013086,2394.845640,2280.717584,2378.321918,2708.964641,2373.112514,2585.583415,1870.298742,2385.335745,2341.030601,2450.094608,2420.585100,2528.958265,2268.402332,2461.070034,2467.078091,2256.355839,2745.938011,2570.949259,2849.547673,2495.291841,2768.061706,2425.601690,2522.872228,2603.639982,2814.536761,2660.554961,2342.856910,2711.706235,2710.513034,2401.253971,2613.846256,2795.167589,2155.676317,2533.915027,2461.756539,2542.437340,2144.126712,2057.272325,2430.722470,2064.572371,2433.441577,2339.064392,2305.432653,2496.664691,2127.065581,2411.437595,2395.529556,2239.413669,2302.429759,2559.922200,2316.834811,1989.989081,1884.109326,1667.322263,1353.186857,1512.671972
1124.152917,1251.766479,1541.563952,1669.774968,1896.669399,2089.775098,1877.241510,2475.188927,2475.632677,2361.054351,2154.322908,1971.142585,2438.471935,2763.217648,2036.193710,2152.647442,2061.384171,2188.613026,1921.718271,2136.865068,2482.215788,2269.475073,2359.806842,2782.299053,2572.941589,2540.190932,2606.068407,2403.452562,2539.509091,2790.951105,2566.948197,2803.210197,2874.763258,2685.021421,2778.929343,2996.086512,2376.553472,3011.483769,2539.710334,2478.517342,3027.898674,2417.731108,2214.803377,2328.336756,2556.545061,2281.713657,2548.728853,2191.100350,2190.686866,2189.324897,2660.178878,2402.055543,2183.258174,2452.620254,2482.379175,2259.156871,2187.316498,2056.126380,1790.959829,1883.292371,1968.806124,1483.947551,1456.369182,1340.157038
1477.336235,1557.656319,1492.718139,1811.527420,1985.187797,1799.272686,2053.205776,2246.773816,2474.700955,2552.755344,2606.432546,2402.657418,2368.404287,2512.068342,2436.668730,2478.748120,2170.371097,2312.975478,2569.239718,2296.738015,2918.139272,2546.757219,2133.405368,2637.690712,2630.375640,2783.227607,2497.758397,2275.811982,2495.703381,2617.726856,2209.134129,2734.212415,2783.544996,2399.459906,2573.520669,2829.367858,2353.465187,2453.554214,2487.996680,2424.296203,2583.736673,2472.625528,2404.939756,2226.978250,2426.378125,2869.115335,2423.824461,2231.143776,2380.703350,2761.509229,2438.137119,2295.498851,2334.362147,2462.361465,2181.079897,2158.484905,2122.641086,2494.485772,2110.521486,2202.519588,1724.785369,1487.188930,1461.049623,1216.744005
1304.897171,1389.709667,1685.323490,1791.976447,1969.795886,1778.371726,2303.884234,2040.204219,2232.055620,2194.278098,2657.111362,2344.479503,2146.370688,2556.157481,2496.341074,2454.936772,2499.880798,2565.231078,2373.657153,2174.197676,2540.148734,2304.649012,2249.300137,2380.217361,2468.780786,2449.698815,2149.664478,2574.329529,2657.810887,2191.640606,2592.883000,2734.918884,2439.262058,2620.044565,2398.662101,2453.517934,2658.677359,2121.605154,2522.114699,2324.963100,2344.781669,2781.337200,2715.982197,2639.940711,2457.150256,2832.383623,2320.745750,2828.808580,2454.853367,2332.401398,2363.725327,2292.228227,2360.857019,2464.628029,2330.377896,2236.336432,2229.533718,2321.398914,2091.730514,1854.056531,1653.024606,1813.384371,1642.627800,1405.344495
1391.068874,1123.510238,1293.398397,1735.535271,2109.304018,2107.169594,2097.692481,2245.899808,2210.776019,2413.661650,2582.628142,2565.922170,2523.759890,2770.183986,2439.465738,2481.348097,2679.651615,1996.359980,2613.830429,2513.479917,2568.829825,2495.589770,2488.146228,2646.241130,2465.322484,2524.092412,2077.901605,2574.313713,2649.946424,2703.679672,2421.833616,2379.553406,2599.264314,2509.518267,2197.548430,2456.000432,2820.275920,2263.652687,2432.792936,2399.515274,2416.877249,2477.455759,2084.055600,2314.023243,2190.331384,2408.554475,2637.462064,2275.104394,2516.355711,2669.404676,2561.252412,2410.330734,2573.855140,3011.638996,2385.651898,2422.474500,2748.508605,2111.641185,2358.945029,1785.193917,1807.171743,1577.842442,1486.429259,1301.452038
1456.731019,1648.935014,1774.512969,1747.780297,1757.371478,2113.283258,2441.007128,2394.006068,2411.550490,2490.319710,2766.719763,2606.765744,2597.784202,2314.330355,2530.407529,2677.087390,2748.506103,2508.106752,2626.302741,2431.590723,2698.948776,2704.226417,2368.889358,2535.736980,2424.873766,2287.668865,2347.338895,2272.046003,2777.438568,2212.000450,2232.175438,2631.272542,2620.567507,2411.291644,2450.553641,2422.589290,2625.688240,2448.948250,2460.965163,2288.038826,2353.634037,2576.889142,1959.826209,2696.452897,2646.843842,2546.643506,2804.856871,2584.623668,2656.066425,2670.241652,2555.430616,2459.559532,2406.975744,2249.536121,2413.914601,2564.388378,2485.121971,1920.431992,2070.431166,1673.649843,1463.628404,1579.856150,1130.388752,1405.181608
1514.641617,1045.074546,1589.686081,1960.638282,1838.086887,2260.469707,2197.408932,2038.396882,2206.758142,2963.923293,2529.434994,2583.971050,2547.043045,2739.410090,2289.857686,2701.834927,2730.175235,2874.236498,2769.202046,2365.005895,2569.213555,2301.405521,2189.408297,2332.724123,2553.795846,2371.093792,2256.313356,2379.797338,2236.653937,2472.185313,2153.189538,2373.637297,2401.213493,2261.368059,2419.731855,2330.359371,2355.305550,2230.002297,2237.811041,2244.655437,1939.641083,2615.138687,2691.111498,2325.745687,2535.825284,2713.765981,2834.012418,2480.680173,2530.714797,3019.159021,2772.309833,2562.052267,2596.378929,2451.125704,2135.757249,2255.752616,2364.248046,2318.600230,1887.506245,1991.736365,1746.670375,1563.353856,1320.707611,1378.133417
1456.700351,1416.514549,1258.797753,1810.832025,2055.056142,1908.981443,1910.910693,2087.630153,2334.577851,2328.867476,2437.184980,2685.391365,2656.487160,2540.210437,2673.533605,2663.859665,2772.591194,2450.533715,2695.799282,2659.504079,2671.301004,1811.128666,2428.571727,2247.508404,2295.772463,2421.022448,2321.032599,2334.675115,2117.527910,2365.245046,2424.737684,2395.192348,2439.500893,2260.260343,2056.556121,2246.253403,2220.863048,2567.999904,2443.585626,2290.761469,2066.297882,2719.063760,2438.470214,2294.262760,2580.173505,2218.426178,2428.380827,2531.845670,2174.703423,2632.866935,2489.845113,2696.838402,2651.641468,2418.888624,2344.308984,2388.655372,2009.915707,2247.983130,2058.392492,1868.268177,1802.960215,1787.956568,1591.478164,1770.405395
1414.886805,1523.473402,1572.149163,1859.723719,2178.259866,1989.523655,2046.322942,2112.473297,2161.808361,2411.999948,2769.736664,2488.716506,2558.072670,3021.718839,3116.742886,2857.549644,2756.695375,2318.418457,2528.446231,2513.430831,2350.112392,2461.439220,2395.418746,2738.834240,2411.513728,2081.942361,1996.502013,2210.679195,2160.317770,2427.032843,2693.505498,2346.462581,2498.329924,2042.643702,2594.047586,2760.574521,2389.472473,2113.740100,2609.252528,2607.630448,2224.153145,2478.931665,2451.556646,2715.837669,2683.273615,2908.471169,2779.775207,2867.867298,2920.081316,2844.686084,2922.025332,2506.257286,2554.135543,2613.121132,2698.611865,2292.538906,2389.988992,2079.668149,2049.352318,1880.662504,1739.149783,1566.544389,1575.127637,1302.533588
1602.926586,1328.268638,1943.891113,2142.448711,2287.213782,2291.031984,2349.938531,2524.719417,2295.734896,2648.718801,2691.386256,2570.176819,2761.134047,2652.264019,2898.391104,2636.956900,2524.353850,2617.103525,2627.591325,2540.379708,2540.878548,2532.447068,1984.291281,2422.345240,2108.222890,2422.135877,2255.730190,2247.043163,2169.304018,2435.454773,2235.491913,2570.276218,2304.458232,2255.669443,2423.528333,2242.071894,2429.015915,2333.002801,2658.513729,2738.304256,2658.373316,2344.521678,2576.091533,2616.337028,2366.874892,2745.102085,2801.635536,3032.805222,2628.902180,3132.782211,3012.546492,2849.674799,2620.177655,2754.219596,2489.886826,2313.463793,2485.607273,2047.671273,2170.400921,1912.479887,1763.999313,1586.079331,1796.435423,1500.787258
1669.625827,1595.764046,1928.660988,1739.551971,2096.317126,2501.895117,2280.660527,2761.847697,2556.516932,2891.100008,2868.302632,2880.495268,2884.519640,2961.446441,3044.399614,2766.221021,3015.882327,2752.889871,2822.566946,2651.653742,2448.592070,2752.472500,2835.237995,2601.073196,2558.004312,2246.236708,2481.403342,2033.064883,2129.223028,2431.296163,2310.740180,2261.804136,2596.991746,2022.460916,2272.331526,2119.827038,2286.137357,2321.319850,2661.354474,2417.887119,2399.617303,2652.185392,2439.039243,2287.858952,2724.241620,2768.032712,2575.098022,2682.026996,2501.547523,2780.205120,2876.173569,2629.152146,2910.188644,2770.347846,2546.201900,2792.610133,2227.742813,2552.355514,2121.445619,1924.886270,1950.178363,1898.004870,1723.622863,1424.995106
1672.401350,1754.685228,1881.707800,2010.475815,2227.616898,2204.975786,2476.594821,2503.472227,2323.389727,3003.666669,2808.404888,2855.457751,3109.794204,3025.667228,2853.543419,3105.032025,3064.145732,3130.530290,2703.732126,2270.127987,2486.283193,2291.959053,2538.457984,2147.895455,2564.372370,2433.112070,2456.885328,2638.311435,2409.292468,2489.453121,2441.038618,2433.113620,2591.330374,2295.648869,2544.980738,2174.404531,2601.004282,2327.643175,2423.078816,2552.134001,2150.790773,2311.674383,2433.029260,2350.813884,2731.544427,2486.897312,2846.637983,3347.411181,2957.210856,2946.521501,2976.544473,3018.712467,3155.375348,2792.761705,2871.344529,2884.977727,2397.859057,2518.917933,2270.281047,2257.006206,1870.189468,1828.309489,1596.281759,1619.259904
1727.429914,2054.579730,1662.600476,2160.753794,2509.182106,2585.724232,2616.517028,2614.748413,2694.104250,2990.953101,2533.732351,2589.592171,2628.732783,3092.746309,2761.838868,2885.603795,2909.189203,2867.986190,2740.524712,2714.702954,2771.356307,2697.387473,2737.597710,2752.060114,2142.089445,2635.046120,2343.063003,2269.117845,2429.228372,2501.538816,2747.893376,2369.248636,2527.965030,2497.932328,2251.075944,2362.748818,2312.207180,2071.847355,2748.337042,2554.270815,2404.327282,2505.291271,2378.803725,2416.894276,2946.568821,2739.208112,2961.973496,2803.670815,3175.069569,2787.212193,2873.709705,2909.145529,3117.505826,2871.508737,2858.525128,2557.583322,2265.705547,2397.408844,2409.277220,2552.322114,2225.345415,1924.569967,1687.228500,1624.140250
1909.510741,1898.206875,2424.082133,2265.027287,2315.186193,2592.674368,2581.175871,2657.014723,3228.078505,2764.615625,2945.630426,2690.607100,3125.221193,2817.772603,2921.084396,2773.268747,3012.026596,2530.092964,2561.845523,2821.370523,2504.308333,2640.815064,2372.922447,2277.838111,2449.611799,2433.882290,2165.611903,2424.951043,2126.308130,2443.336478,2187.098746,2253.174110,2328.983176,2032.159126,2499.993973,2302.726759,2518.623887,2461.338605,2453.498656,2361.987143,2817.469747,2610.190477,2667.053950,2767.089515,2614.312397,2631.551680,2637.724369,2886.631484,3159.175302,3155.238497,3178.372186,2834.548829,2921.623060,2867.626803,2841.125339,2719.019640,2830.094605,2482.498530,2404.569357,2208.911525,2018.732610,2161.217601,2119.425949,1641.097459
1951.892191,2254.331879,2266.236970,2180.647818,2436.043948,2566.678745,2702.421596,2772.936882,2793.479484,3035.140429,2918.357834,3349.881530,3123.399761,3005.609486,3034.981812,3082.836100,3242.394845,2958.411790,2674.028275,2914.165530,2300.961880,2676.778912,2406.157399,2255.528239,2590.388784,2225.652586,2341.331365,2417.082717,2420.434544,2280.449749,2257.925952,2433.323575,2665.726556,2371.251910,2390.234408,2377.042537,2249.297390,2564.142668,2428.809812,2554.122558,2783.476894,2549.040145,2336.022122,3057.168740,2539.446151,2819.990416,2733.242731,3229.684377,3057.051371,3281.936196,3105.713509,3059.220278,2821.120864,3069.809947,2931.239211,2851.828949,2509.317010,2505.105887,2292.787952,2297.921398,2157.294596,2219.028336,2353.102137,1882.898016
1912.303033,1958.477385,2022.500932,2415.382600,2427.784141,2374.633477,2751.187376,2634.988520,2934.136881,2931.610330,2884.892764,3466.656197,3089.507472,2744.345433,2934.886912,2941.122457,2994.273136,3253.887918,3001.767985,2727.741037,2894.101222,2545.462867,2535.867154,2225.049066,2353.583193,2258.595012,2159.506272,2368.111414,2289.653531,1998.049413,2457.810093,2639.881108,2271.946949,2334.772902,2238.258675,2406.966336,2524.225691,2490.459050,2278.464919,2381.132701,2667.193784,2468.263950,2722.991610,2690.480439,2400.663778,2715.328530,2682.382396,2668.273460,2976.456437,3075.793240,3223.509048,2935.567737,2965.897549,3059.351772,3321.271588,3035.906503,2718.787440,2809.769316,2905.446709,2205.283373,2109.701475,2063.772405,1823.157727,2029.539539
1736.420685,2111.153179,2314.516541,2563.690522,2163.639254,2752.697383,2652.694920,2851.135481,2896.389202,2929.003855,2968.971207,3192.043402,2997.990134,3023.083124,3151.287474,2834.420067,3031.184324,2658.601027,2539.750164,2232.449515,2507.953482,2579.318705,2497.270002,2263.167163,2595.422974,2471.000700,2489.936240,2227.425259,2532.327218,2617.531134,2745.677761,2663.779658,2384.255291,2743.899472,2555.013486,2475.500604,2327.136092,2113.700222,2256.635699,2550.753093,2674.221300,2815.833168,2621.402116,2627.703973,2710.583655,2866.952331,2587.246697,3061.760207,2771.328634,3289.845315,2803.117566,3047.952668,3309.988875,2651.349025,3128.011333,2982.639682,2980.897159,2683.249159,2694.301541,2241.368106,2221.288134,2350.986180,2046.254983,1857.799851
2156.116172,2010.060571,2154.471843,2246.992352,2462.528773,2469.788518,2718.536253,2983.761785,2671.189169,2837.447546,3233.019122,2896.702594,2769.973748,2795.387793,2863.230610,2797.005841,2732.601821,2481.179446,2591.113055,2455.381298,2576.601498,2355.583319,2505.635753,2419.544905,2426.907861,2315.189953,2663.978218,2417.505490,2384.050007,2642.987750,2468.945497,2477.917529,2771.727899,2409.423566,2389.045970,2407.915667,2629.863747,2416.090977,2241.732285,2097.339380,2527.730849,2171.833082,2589.521729,2829.388650,2280.997827,2533.537299,3241.272473,2561.142885,2948.827631,2684.736642,3187.795929,3456.228311,2924.818276,3503.552097,2782.881341,3145.185598,2491.487726,2777.130892,2686.052918,2596.489053,2443.415562,2335.184463,2303.810492,1821.483207
2187.871921,2233.467994,2292.193404,2339.065340,2499.459017,2479.674886,2480.288472,2460.960979,2284.646851,3085.665952,2822.821930,2759.227938,2833.711812,2976.465931,3024.397131,2629.720536,2739.734068,2410.323790,2582.443542,2443.418275,2368.615405,2547.640981,2484.122668,2237.693571,2338.559262,2261.683895,2136.829197,2348.496141,2363.367046,2198.722349,2239.110259,2415.836273,2409.601957,2223.458590,2582.059691,2326.534876,2364.244976,2757.126243,2505.673318,2542.021264,2245.035274,2401.634033,2441.316360,2426.710155,2679.470487,2477.056891,2434.347115,3234.393325,2691.180638,2690.984970,3217.179607,2991.623630,3189.716797,3192.930678,2485.642668,2344.354463,2681.897477,2218.368985,2318.171164,2547.615911,2162.476733,1961.598499,2157.847705,1885.404740
1967.638908,2411.414884,2082.318311,2695.468608,1982.517788,2182.112198,2334.713592,2511.394168,2661.730291,2817.797817,2715.622763,2956.477594,2728.715980,2996.813975,2813.025275,2609.414522,2994.867999,2844.002026,2300.066420,2676.077459,2835.064077,2895.433153,2526.166056,2465.697770,2404.827503,2007.994447,2328.597705,2271.841492,2283.533751,2063.694995,2236.369670,2300.001885,2371.773147,2690.961330,2601.812197,2328.052310,2356.949117,2616.427507,2169.668159,2285.532700,2307.778709,2387.513650,2383.090175,2262.572503,2511.909765,2592.845812,2485.704829,2682.800677,2827.399270,2697.815206,2909.274715,2829.924724,2984.126142,2831.122861,2741.598754,2675.237579,2400.945803,2438.572095,2611.353812,2464.539316,1996.638995,2082.073866,2009.443854,1945.259611
1941.027898,2076.787786,2229.343354,2043.421630,2306.181819,2630.677122,2182.167580,2658.153294,2444.199324,2619.128563,2804.892982,2612.752717,2743.864977,2614.669393,2771.370697,2588.706168,2620.495878,2445.318713,2554.993709,2377.671986,2216.542588,2158.929488,2363.241664,2461.980920,2386.184995,2450.417141,2093.915430,2353.142289,2074.601449,2419.076032,1991.909013,2189.225517,2502.028982,2196.359180,2484.072860,2109.736056,1789.987211,2519.784681,2346.570922,2837.999932,2301.032601,2231.038077,2349.667817,2598.477114,2520.309667,2799.287107,2151.286948,2543.981851,2919.948619,2642.547704,2364.687735,2305.099404,2613.207530,2913.126721,2763.150355,3006.468248,2338.496984,2146.344813,2589.640038,2178.524889,2006.708709,1968.123195,2320.288541,1640.439377
1852.607318,1956.868230,2157.880901,2546.125438,2258.598378,2186.228114,2407.763750,2176.195883,2384.130715,2506.892220,2597.766283,2519.939082,2365.162207,2740.416982,2577.474039,2745.871513,2414.221062,1794.619087,2558.000759,2525.505810,2301.223998,2504.775313,2043.877741,2562.393153,2184.917891,2569.620555,2245.901845,1885.455300,2287.415692,2079.240066,2205.393116,2209.896423,2059.222002,2295.354076,1952.354979,2361.365389,2250.019744,2032.002227,2442.254001,2174.346998,2026.753837,2425.025794,2058.516708,2380.671425,2413.882041,2329.803984,2644.650538,2279.710645,2602.743255,2464.552281,2285.861879,2368.004302,2345.613085,2345.729577,2238.240161,2167.746228,2280.968522,2164.929878,2242.478442,2137.989822,1923.890002,1898.290316,2082.530523,1938.746922
2139.269068,2250.169723,2072.440729,2465.611534,2291.331959,2279.084267,2100.113771,2486.379017,2250.614041,2569.625678,2454.381737,2420.515101,2257.252261,2459.490526,2195.330770,2263.379571,1959.005370,2036.213165,2368.365095,1927.053435,2137.661487,2073.490204,1919.169429,2133.725094,1854.066507,2068.753376,2269.751998,1969.979229,1978.990658,2214.937819,1996.892543,2162.210225,2583.500230,2254.635671,2086.451860,2386.889567,2079.789218,2327.628989,2409.843952,2137.399004,1841.678737,2105.684352,2040.986494,1821.861997,2377.639261,2222.786543,2141.441470,2610.575851,2404.413795,2331.402324,2601.312088,2815.158486,2367.708221,2516.445136,2294.692016,2273.435821,2220.615139,2340.780863,2312.778703,1888.768280,1920.747183,2147.814359,2006.699023,2009.864535
1733.070686,1971.425866,2130.971212,2142.745724,2096.409902,2105.701134,2179.718911,2292.700258,1926.391661,2189.995692,2180.131615,2420.234338,2408.647859,2402.657967,2199.398259,1968.517250,2135.073034,2286.841531,2196.083798,2095.404889,1988.734944,2068.138196,1974.530331,1787.060881,2011.582624,2038.986887,1864.099737,1735.409241,1836.628979,2037.132698,2225.332157,1784.436032,2145.925254,1829.791449,2194.733017,2011.144007,1915.074047,1857.707986,1875.463868,2103.899393,1747.508799,2023.208552,1934.639032,2067.655824,2084.967722,2039.992860,1853.382826,2400.861232,2353.357732,2308.597556,2396.458392,2327.591200,2402.059657,2260.876133,2129.409678,2143.060563,2240.482697,2036.270876,2443.724797,2567.854960,2076.657714,2256.247095,1846.736852,2358.816236
2152.443288,2019.815494,2330.365177,2105.987203,2334.666738,1971.981913,2063.473364,2375.472119,2284.307494,2165.653748,2141.769967,2555.050571,2611.496236,2011.075085,2050.634830,1944.874612,2008.944965,1577.967946,2089.144742,1825.276235,1880.544425,1631.284711,1860.482887,1634.950503,2063.378911,1710.956375,1711.601366,1947.569395,1939.796245,1735.783166,1853.251727,1532.940895,1747.627808,1634.368362,1653.175787,1626.340801,1651.650523,1871.018047,1638.970244,1642.380762,1841.281293,1725.155970,1898.222775,2073.960469,1858.855882,2225.026643,1679.793502,1979.068751,2184.675323,2253.128370,2249.455423,2175.848571,2826.795680,2241.978971,2510.034848,2272.775351,2315.531704,2292.931578,2143.058976,2138.198957,2239.377439,1765.311452,2143.517225,1638.079499
1911.387163,2017.572843,2090.492405,2019.622972,2221.572167,2155.110382,1857.472054,2035.030471,2333.253054,1949.934538,2186.182394,2287.832220,2434.053852,2178.975501,2344.212017,2242.706207,2079.559792,1986.724966,1927.937684,1706.333289,1942.848522,1639.489210,1429.698661,1609.569356,1658.135210,1362.840961,1553.325086,1357.668129,1434.022529,1392.102562,1636.487063,1722.938516,1598.091475,1360.943779,1070.563679,1462.996809,1533.618019,1159.842098,1540.867968,1801.181987,1788.184097,1456.648661,1624.755294,1694.084754,1704.344022,1526.641784,1935.495316,1849.604425,1887.308896,2043.726025,2108.915055,2471.244215,2487.586702,2291.614508,2238.458201,2111.108653,2355.289377,2093.404695,2175.373902,2362.577930,1799.960995,2318.756333,2135.733158,1984.437665
2135.379709,2117.196729,2004.924806,2000.225298,2011.395841,1980.631993,2364.111090,2224.466640,2294.287997,2407.428585,1873.280183,2271.892616,2056.092689,1995.242279,2077.852209,1903.156403,1886.278169,1820.899389,1727.364470,1689.250905,1394.288441,1565.992431,1244.630769,1704.762517,1467.065275,1317.383737,1366.082232,1401.811098,1423.758261,1434.699289,1619.503626,1660.436209,1449.478969,1163.912718,1618.675650,1193.605636,1734.290774,1557.500444,1542.865527,1373.619768,1449.189361,1276.884652,1544.841781,1420.081763,1481.362375,1597.956453,1732.817683,1951.506054,1848.103611,2280.435280,1956.318819,1928.196051,1954.170476,2086.551214,2013.740820,1947.621962,2182.138462,2009.681717,1820.719193,2258.252634,1932.049904,2186.267512,1978.406403,2042.778853
2045.892584,2234.769534,2124.482716,1758.110771,2215.620667,2104.175925,2005.828462,1837.716312,1923.643372,1898.585272,2279.737387,1931.673793,1898.741597,1853.498355,1743.114598,1785.716344,1528.561985,1619.107448,1429.518002,1352.575806,1342.921895,1553.874863,1138.841190,1208.629189,1416.637048,1375.846400,1550.449083,1473.430704,1431.665386,1464.166652,1495.417869,1793.829182,1225.256310,1546.589525,1441.302458,1288.798468,1335.630072,1413.703799,1377.096019,1595.450653,1307.900259,1520.225735,1218.863630,1326.122715,1781.217902,1723.172158,1592.785181,1724.789548,1944.472556,1686.836153,1864.490200,1995.284855,1979.523337,1898.549722,1841.359606,2145.092876,2079.484249,1892.331609,1840.813056,2183.656733,2279.175818,1991.586783,2211.635470,1756.122502
