251.759861,188.009536,103.370981,36.922064,12.633076,16.033452,0.000000,0.000000,16.033444,16.033461,0.000000,0.000000,0.000000,16.033461,16.033459,16.033459,0.000000,16.033461,0.000000,0.000000,0.000000,0.000000,0.000000,0.000000,16.033461,0.000000,0.000000,0.000000,0.000000,0.000000
214.087351,125.956608,142.046309,64.516125,25.267403,16.033461,0.000000,11.687136,0.000000,0.000000,0.000000,0.000000,25.096853,0.000000,16.033456,0.000000,0.000000,0.000000,0.000000,0.000000,0.000000,0.000000,0.000000,0.000000,0.000000,0.000000,0.000000,0.000000,0.000000,0.000000
162.765838,189.032003,138.610213,91.636173,12.607890,0.000000,24.332785,11.678170,0.000000,16.033453,27.776015,0.000000,16.033457,11.121597,0.000000,0.000000,0.000000,0.000000,16.033442,0.000000,32.066922,0.000000,0.000000,0.000000,0.000000,16.033461,0.000000,0.000000,0.000000,0.000000
242.576170,163.881069,75.658957,75.630130,36.974034,0.000000,0.000000,0.000000,0.000000,0.000000,16.033460,11.785770,0.000000,0.000000,0.000000,32.066897,16.033450,0.000000,0.000000,16.033455,0.000000,16.033453,16.033449,0.000000,0.000000,0.000000,0.000000,0.000000,0.000000,0.000000
175.373595,91.644701,48.491071,50.483091,12.642211,0.000000,25.262919,0.000000,0.000000,0.000000,0.000000,16.033461,0.000000,0.000000,0.000000,0.000000,16.033461,16.033461,0.000000,0.000000,16.033461,0.000000,0.000000,16.033444,0.000000,0.000000,0.000000,0.000000,0.000000,0.000000
226.645838,125.978444,62.090209,53.868493,37.881058,12.608659,12.613811,0.000000,0.000000,0.000000,0.000000,0.000000,0.000000,0.000000,0.000000,0.000000,0.000000,0.000000,0.000000,0.000000,16.033447,0.000000,16.033440,16.033458,16.033455,0.000000,0.000000,0.000000,0.000000,0.000000
189.082714,88.268385,12.601377,66.462070,41.297358,12.643837,0.000000,16.033454,0.000000,0.000000,16.033461,0.000000,0.000000,0.000000,0.000000,32.066902,16.033459,0.000000,0.000000,0.000000,0.000000,0.000000,16.033461,0.000000,0.000000,0.000000,0.000000,0.000000,0.000000,0.000000
163.793550,91.676397,75.633926,37.883010,28.641554,0.000000,16.033454,16.033458,0.000000,16.033458,0.000000,0.000000,0.000000,0.000000,16.033445,0.000000,16.033456,0.000000,0.000000,16.033445,0.000000,0.000000,16.033461,0.000000,0.000000,0.000000,0.000000,0.000000,0.000000,0.000000
214.213830,63.002127,49.429780,11.600426,16.033461,0.000000,0.000000,16.033459,0.000000,0.000000,0.000000,16.033459,32.066902,16.033444,16.033453,0.000000,0.000000,0.000000,16.033456,16.033459,0.000000,16.033461,0.000000,0.000000,0.000000,16.033442,0.000000,0.000000,0.000000,0.000000
154.712498,37.788621,25.209360,49.523881,12.651992,0.000000,0.000000,12.644322,0.000000,0.000000,0.000000,16.033446,16.033461,0.000000,0.000000,0.000000,0.000000,0.000000,32.066922,0.000000,16.033461,16.033455,0.000000,0.000000,16.033459,0.000000,0.000000,0.000000,0.000000,0.000000
79.048102,37.817662,28.642484,25.209870,0.000000,25.270835,12.633870,16.033459,0.000000,16.033457,0.000000,0.000000,0.000000,0.000000,0.000000,0.000000,16.033440,16.033451,16.033460,0.000000,16.033448,0.000000,0.000000,32.066904,32.066903,0.000000,0.000000,0.000000,0.000000,0.000000
104.606758,74.614529,75.679647,16.033461,12.634494,16.033459,0.000000,0.000000,0.000000,0.000000,0.000000,0.000000,9.187884,0.000000,0.000000,16.033461,0.000000,0.000000,0.000000,16.033457,0.000000,0.000000,0.000000,0.000000,0.000000,0.000000,0.000000,0.000000,0.000000,0.000000
113.533538,62.002550,12.632946,28.641096,12.621940,0.000000,0.000000,0.000000,0.000000,0.000000,0.000000,0.000000,0.000000,25.265916,0.000000,0.000000,16.033460,16.033452,0.000000,16.033461,0.000000,16.033454,0.000000,0.000000,0.000000,0.000000,0.000000,0.000000,0.000000,0.000000
88.233232,28.684607,66.462259,37.890119,0.000000,0.000000,0.000000,0.000000,0.000000,0.000000,0.000000,0.000000,0.000000,0.000000,16.033456,0.000000,16.033460,0.000000,16.033457,0.000000,0.000000,16.033450,0.000000,0.000000,0.000000,0.000000,0.000000,0.000000,0.000000,0.000000
37.789902,12.590719,53.910323,12.602515,12.611774,60.736039,16.033462,0.000000,0.000000,0.000000,16.033462,0.000000,0.000000,0.000000,0.000000,16.033459,0.000000,32.066914,16.033459,16.033452,0.000000,0.000000,0.000000,0.000000,32.066901,0.000000,0.000000,0.000000,0.000000,0.000000
66.499881,63.150911,61.047058,25.248812,0.000000,0.000000,16.033460,0.000000,16.033455,16.033461,0.000000,16.033462,0.000000,0.000000,0.000000,0.000000,16.033447,0.000000,0.000000,0.000000,0.000000,16.033444,0.000000,0.000000,16.033449,0.000000,0.000000,0.000000,0.000000,0.000000
91.693532,25.246509,0.000000,12.609095,12.639256,0.000000,16.033459,16.033459,0.000000,0.000000,0.000000,0.000000,0.000000,0.000000,16.033460,0.000000,0.000000,0.000000,0.000000,0.000000,0.000000,0.000000,0.000000,0.000000,0.000000,0.000000,0.000000,0.000000,0.000000,0.000000
91.668594,12.640485,63.057571,12.591954,12.615243,0.000000,0.000000,0.000000,0.000000,32.066893,0.000000,16.033452,0.000000,32.066907,0.000000,0.000000,0.000000,16.033460,0.000000,0.000000,0.000000,0.000000,0.000000,32.066915,0.000000,0.000000,0.000000,0.000000,0.000000,0.000000
25.231529,25.241750,28.674156,0.000000,12.646601,0.000000,0.000000,16.033456,16.033450,0.000000,0.000000,16.033459,0.000000,0.000000,0.000000,0.000000,16.033444,16.033461,0.000000,16.033461,0.000000,32.066916,0.000000,0.000000,16.033454,0.000000,0.000000,0.000000,0.000000,0.000000
37.805377,50.523061,16.033456,0.000000,0.000000,0.000000,16.033460,0.000000,0.000000,0.000000,0.000000,16.033460,0.000000,0.000000,0.000000,0.000000,0.000000,16.033455,0.000000,0.000000,0.000000,0.000000,0.000000,0.000000,0.000000,0.000000,0.000000,0.000000,0.000000,0.000000
65.789017,37.873459,16.033455,28.667624,25.253082,0.000000,0.000000,0.000000,0.000000,0.000000,0.000000,0.000000,0.000000,0.000000,0.000000,0.000000,0.000000,0.000000,16.033442,0.000000,0.000000,0.000000,0.000000,0.000000,16.033445,16.033458,0.000000,0.000000,0.000000,0.000000
50.521827,25.239203,0.000000,16.033456,32.066905,0.000000,0.000000,0.000000,0.000000,0.000000,0.000000,0.000000,0.000000,0.000000,0.000000,0.000000,0.000000,0.000000,0.000000,0.000000,0.000000,16.033459,0.000000,0.000000,0.000000,16.033461,0.000000,0.000000,0.000000,0.000000
63.070384,25.214471,25.247738,34.346922,12.639770,0.000000,0.000000,16.033452,0.000000,16.033459,0.000000,0.000000,16.033460,0.000000,0.000000,16.033461,16.033440,0.000000,16.033461,0.000000,16.033457,0.000000,0.000000,0.000000,11.121597,16.033461,0.000000,0.000000,0.000000,0.000000
0.000000,25.218012,25.214555,48.100359,16.033460,0.000000,16.033453,16.033459,0.000000,0.000000,0.000000,0.000000,0.000000,16.033461,0.000000,16.033461,0.000000,0.000000,0.000000,0.000000,32.066907,0.000000,0.000000,16.033461,16.033440,0.000000,0.000000,0.000000,0.000000,0.000000
12.625799,12.624237,0.000000,32.066902,0.000000,44.715214,0.000000,0.000000,16.033461,16.033448,16.033442,32.066903,0.000000,16.033456,0.000000,16.033456,0.000000,0.000000,0.000000,0.000000,0.000000,0.000000,0.000000,0.000000,16.033444,16.033456,0.000000,0.000000,0.000000,0.000000
12.593821,12.613849,9.226066,0.000000,44.705879,0.000000,0.000000,16.033451,0.000000,0.000000,0.000000,0.000000,16.033451,0.000000,0.000000,0.000000,0.000000,0.000000,0.000000,16.033450,0.000000,0.000000,0.000000,0.000000,0.000000,32.066901,0.000000,0.000000,0.000000,0.000000
25.267583,16.033451,16.033457,12.613110,0.000000,0.000000,0.000000,0.000000,16.033456,0.000000,32.066893,16.033449,0.000000,16.033440,0.000000,0.000000,0.000000,0.000000,0.000000,0.000000,0.000000,0.000000,0.000000,0.000000,0.000000,0.000000,0.000000,0.000000,0.000000,0.000000
37.868349,12.617723,25.187110,12.651349,12.638396,0.000000,0.000000,0.000000,16.033460,0.000000,0.000000,0.000000,0.000000,32.066905,0.000000,0.000000,0.000000,0.000000,16.033460,0.000000,0.000000,0.000000,0.000000,0.000000,0.000000,16.033451,0.000000,0.000000,0.000000,0.000000
25.226102,12.631251,16.033453,0.000000,0.000000,0.000000,0.000000,0.000000,0.000000,16.033459,0.000000,0.000000,16.033456,0.000000,16.033446,0.000000,0.000000,0.000000,0.000000,16.033461,16.033461,0.000000,0.000000,16.033443,0.000000,0.000000,0.000000,0.000000,0.000000,0.000000
25.254432,53.869821,12.638833,25.270447,16.033459,0.000000,32.066880,0.000000,16.033446,0.000000,0.000000,0.000000,0.000000,0.000000,16.033461,0.000000,0.000000,0.000000,0.000000,16.033444,48.100376,0.000000,0.000000,0.000000,16.033458,16.033459,0.000000,0.000000,0.000000,0.000000
41.302388,0.000000,16.033442,0.000000,16.033460,0.000000,0.000000,0.000000,0.000000,16.033457,0.000000,0.000000,16.033458,16.033443,0.000000,0.000000,16.033460,0.000000,0.000000,0.000000,0.000000,0.000000,0.000000,0.000000,0.000000,32.066906,0.000000,0.000000,0.000000,0.000000
41.220279,12.599929,25.261057,16.033456,0.000000,0.000000,0.000000,0.000000,0.000000,0.000000,0.000000,16.033460,0.000000,0.000000,0.000000,0.000000,16.033447,0.000000,0.000000,0.000000,16.033445,16.033461,0.000000,0.000000,0.000000,0.000000,0.000000,0.000000,0.000000,0.000000
44.697198,41.228970,12.611496,32.066896,0.000000,0.000000,0.000000,16.033461,16.033459,0.000000,32.066919,0.000000,0.000000,0.000000,0.000000,0.000000,0.000000,0.000000,16.033457,0.000000,0.000000,16.033455,16.033451,0.000000,0.000000,0.000000,0.000000,0.000000,0.000000,0.000000
50.467835,12.589416,12.652616,0.000000,0.000000,16.033451,0.000000,0.000000,0.000000,0.000000,16.033460,0.000000,16.033446,0.000000,0.000000,0.000000,0.000000,16.033460,0.000000,0.000000,0.000000,0.000000,0.000000,0.000000,16.033444,0.000000,0.000000,0.000000,0.000000,0.000000
12.643921,0.000000,12.622783,32.066920,0.000000,0.000000,0.000000,16.033461,0.000000,16.033453,0.000000,16.033461,0.000000,0.000000,0.000000,0.000000,0.000000,16.033457,16.033461,0.000000,0.000000,0.000000,0.000000,0.000000,0.000000,0.000000,0.000000,0.000000,0.000000,0.000000
12.647657,28.647049,12.633608,12.646963,16.033446,0.000000,0.000000,0.000000,0.000000,0.000000,0.000000,0.000000,32.066923,0.000000,16.033450,0.000000,0.000000,0.000000,16.033455,0.000000,0.000000,0.000000,0.000000,32.066884,0.000000,0.000000,0.000000,0.000000,0.000000,0.000000
41.290233,12.639057,12.610729,0.000000,25.235815,0.000000,48.100373,0.000000,0.000000,16.033447,16.033457,0.000000,16.033461,0.000000,0.000000,0.000000,0.000000,16.033453,10.589178,0.000000,0.000000,16.033450,16.033460,0.000000,0.000000,0.000000,0.000000,0.000000,0.000000,0.000000
41.290451,37.232612,41.280430,0.000000,0.000000,0.000000,12.623459,0.000000,0.000000,16.033444,32.066894,0.000000,32.066898,16.033461,16.033450,0.000000,0.000000,0.000000,0.000000,0.000000,0.000000,0.000000,0.000000,0.000000,0.000000,16.033462,0.000000,0.000000,0.000000,0.000000
25.173220,0.000000,12.638980,0.000000,0.000000,0.000000,16.033460,0.000000,0.000000,16.033442,0.000000,0.000000,0.000000,0.000000,0.000000,32.066918,0.000000,16.033457,0.000000,0.000000,0.000000,0.000000,0.000000,0.000000,32.066912,0.000000,0.000000,0.000000,0.000000,0.000000
12.631682,12.609887,0.000000,12.642789,0.000000,0.000000,0.000000,0.000000,16.033461,0.000000,9.905990,0.000000,0.000000,0.000000,0.000000,16.033460,16.033461,16.033461,0.000000,0.000000,11.955717,0.000000,0.000000,0.000000,0.000000,0.000000,0.000000,0.000000,0.000000,0.000000
16.033460,12.644735,0.000000,0.000000,0.000000,12.636352,0.000000,0.000000,0.000000,0.000000,11.121597,16.033461,0.000000,0.000000,16.033448,0.000000,0.000000,0.000000,16.033451,16.033451,0.000000,0.000000,0.000000,0.000000,0.000000,0.000000,0.000000,0.000000,0.000000,0.000000
37.877777,25.254263,48.100374,12.620784,0.000000,0.000000,0.000000,0.000000,16.033458,0.000000,0.000000,16.033447,16.033457,0.000000,0.000000,0.000000,0.000000,0.000000,32.066916,16.033449,0.000000,0.000000,0.000000,0.000000,0.000000,0.000000,0.000000,0.000000,0.000000,0.000000
12.606147,41.285675,37.905972,0.000000,0.000000,0.000000,32.066918,0.000000,0.000000,0.000000,16.033460,16.033461,0.000000,0.000000,0.000000,0.000000,16.033462,32.066914,16.033456,0.000000,16.033456,16.033445,0.000000,0.000000,0.000000,0.000000,0.000000,0.000000,0.000000,0.000000
66.453044,28.675351,37.835681,0.000000,12.614601,25.915775,0.000000,16.033455,0.000000,0.000000,0.000000,0.000000,0.000000,16.033461,0.000000,16.033451,0.000000,0.000000,0.000000,0.000000,0.000000,0.000000,0.000000,0.000000,0.000000,0.000000,0.000000,0.000000,0.000000,0.000000
79.040944,41.286171,28.648119,12.627485,25.268423,16.033462,0.000000,0.000000,0.000000,0.000000,0.000000,0.000000,0.000000,0.000000,0.000000,0.000000,0.000000,16.033461,0.000000,0.000000,16.033458,0.000000,16.033457,16.033447,0.000000,0.000000,0.000000,0.000000,0.000000,0.000000
50.434749,50.425678,25.287110,12.626370,12.623744,9.875765,0.000000,0.000000,16.033462,16.033453,16.033461,16.033457,16.033461,16.033446,0.000000,0.000000,16.033450,0.000000,0.000000,0.000000,16.033461,0.000000,16.033461,0.000000,0.000000,0.000000,0.000000,0.000000,0.000000,0.000000
63.093879,37.916451,28.630792,0.000000,0.000000,16.033457,0.000000,0.000000,0.000000,0.000000,0.000000,0.000000,0.000000,0.000000,0.000000,16.033455,0.000000,0.000000,16.033458,0.000000,16.033459,0.000000,32.066909,0.000000,10.545425,0.000000,0.000000,0.000000,0.000000,0.000000
25.236916,50.414909,25.249971,35.049357,11.121597,16.033461,12.635657,0.000000,16.033461,0.000000,0.000000,0.000000,16.033461,0.000000,0.000000,0.000000,0.000000,16.033457,0.000000,0.000000,0.000000,0.000000,0.000000,0.000000,0.000000,0.000000,0.000000,0.000000,0.000000,0.000000
112.664184,25.215529,16.033450,12.608379,0.000000,0.000000,48.100357,16.033461,0.000000,0.000000,16.033452,0.000000,0.000000,0.000000,0.000000,0.000000,0.000000,0.000000,16.033460,0.000000,0.000000,0.000000,16.033461,0.000000,16.033455,0.000000,0.000000,0.000000,0.000000,0.000000
25.204050,50.445702,37.842786,28.673591,12.638216,16.033461,32.066922,0.000000,0.000000,0.000000,32.066903,0.000000,0.000000,16.033454,0.000000,0.000000,0.000000,0.000000,0.000000,32.066908,0.000000,0.000000,0.000000,0.000000,16.033461,0.000000,0.000000,0.000000,0.000000,0.000000
100.010951,37.875739,12.620547,50.484591,12.632026,0.000000,0.000000,32.066912,16.033461,16.033460,0.000000,0.000000,0.000000,0.000000,0.000000,0.000000,0.000000,0.000000,32.066910,0.000000,0.000000,0.000000,0.000000,0.000000,16.033458,0.000000,0.000000,0.000000,0.000000,0.000000
88.266342,74.138348,53.903339,0.000000,12.597143,12.644511,0.000000,0.000000,0.000000,32.066900,16.033458,0.000000,0.000000,16.033461,0.000000,0.000000,0.000000,0.000000,16.033456,0.000000,16.033442,0.000000,16.033450,16.033445,0.000000,0.000000,0.000000,0.000000,0.000000,0.000000
145.576123,88.340462,25.253575,25.198314,12.624027,16.033462,0.000000,16.033456,0.000000,0.000000,16.033457,0.000000,16.033459,0.000000,16.033461,0.000000,16.033459,16.033461,0.000000,0.000000,0.000000,0.000000,16.033459,0.000000,0.000000,0.000000,0.000000,0.000000,0.000000,0.000000
79.006673,99.931262,37.796761,37.848242,12.606573,0.000000,16.033444,0.000000,0.000000,0.000000,0.000000,0.000000,0.000000,16.033462,0.000000,0.000000,0.000000,16.033451,16.033460,0.000000,16.033453,16.033461,0.000000,16.033460,0.000000,0.000000,0.000000,0.000000,0.000000,0.000000
113.349225,111.360144,37.848378,41.248635,25.251729,11.797752,0.000000,0.000000,28.691958,0.000000,0.000000,16.033456,0.000000,0.000000,0.000000,0.000000,0.000000,0.000000,16.033450,0.000000,0.000000,0.000000,16.033447,0.000000,0.000000,0.000000,0.000000,0.000000,0.000000,0.000000
151.206670,99.693149,37.786667,37.084239,16.033458,0.000000,0.000000,0.000000,0.000000,0.000000,16.033452,16.033446,16.033444,0.000000,16.033444,32.066890,0.000000,0.000000,16.033457,0.000000,0.000000,0.000000,16.033458,16.033454,0.000000,0.000000,0.000000,0.000000,0.000000,0.000000
62.983929,154.649801,75.709208,25.215522,53.915520,0.000000,0.000000,0.000000,25.735815,0.000000,0.000000,16.033458,0.000000,0.000000,27.989176,16.033459,0.000000,0.000000,0.000000,0.000000,0.000000,0.000000,0.000000,0.000000,0.000000,0.000000,0.000000,0.000000,0.000000,0.000000
100.784429,151.327752,91.727151,25.214217,0.000000,11.689234,32.066908,23.468624,12.639416,0.000000,0.000000,0.000000,0.000000,0.000000,0.000000,0.000000,0.000000,0.000000,0.000000,16.033441,0.000000,0.000000,0.000000,0.000000,0.000000,0.000000,0.000000,0.000000,0.000000,0.000000
176.429243,113.412771,111.904923,41.299209,12.627481,27.740517,16.033449,0.000000,0.000000,0.000000,16.033455,0.000000,16.033460,0.000000,16.033461,16.033448,16.033454,0.000000,32.066920,16.033458,0.000000,16.033460,16.033461,0.000000,0.000000,0.000000,0.000000,0.000000,0.000000,0.000000
214.233160,138.608566,75.695885,37.806812,25.214438,0.000000,27.654045,0.000000,0.000000,16.033461,16.033442,0.000000,0.000000,0.000000,0.000000,0.000000,16.033454,9.923675,0.000000,0.000000,16.033461,0.000000,0.000000,0.000000,0.000000,0.000000,0.000000,0.000000,0.000000,0.000000
175.377242,141.997946,88.293357,37.847930,66.523584,11.527433,0.000000,0.000000,0.000000,0.000000,0.000000,0.000000,0.000000,16.033460,0.000000,0.000000,0.000000,0.000000,0.000000,0.000000,0.000000,0.000000,0.000000,0.000000,0.000000,32.066888,0.000000,0.000000,0.000000,0.000000
289.368655,201.514872,37.836535,25.249515,37.896675,24.327750,0.000000,16.033458,0.000000,16.033461,16.033455,16.033455,16.033451,0.000000,0.000000,0.000000,0.000000,0.000000,0.000000,32.066902,16.033459,0.000000,0.000000,0.000000,0.000000,16.033454,0.000000,0.000000,0.000000,0.000000
151.083246,151.134033,113.451662,74.432541,23.991320,0.000000,27.668362,0.000000,0.000000,0.000000,0.000000,0.000000,0.000000,0.000000,0.000000,16.033446,11.955717,0.000000,0.000000,0.000000,0.000000,0.000000,0.000000,0.000000,0.000000,0.000000,0.000000,0.000000,0.000000,0.000000
327.380101,116.817432,76.537664,41.265554,16.033440,0.000000,11.708572,16.033447,0.000000,0.000000,0.000000,0.000000,0.000000,0.000000,0.000000,16.033461,0.000000,0.000000,32.066904,0.000000,0.000000,0.000000,0.000000,0.000000,0.000000,0.000000,0.000000,0.000000,0.000000,0.000000
