265.864029,349.710163,234.104998,242.065321,163.262642,171.914754,114.127254,138.731618,153.550162,73.846617,38.646234,71.213792,105.628028,24.542610,60.561538,87.600792,47.572092,36.021658,23.776612,29.668498,36.008447,61.571384,36.941584,54.308978,12.297811,0.000000,27.117451,12.248362,0.005619,12.379170,36.410368,38.609591,36.949204,42.086421,24.843260,27.260905,24.505230,39.371224,50.904475,49.375687,12.228456,90.298336,39.382244,24.687248,0.000000,24.603758,24.611732,12.257425,36.014570,57.228188,81.849958,60.639813,63.929466,71.960445,120.887251,143.817947,192.072196,99.776923,82.447506,243.470666,236.627206,241.136088,240.488066,198.228700
178.853155,159.802390,103.745626,126.327715,114.006572,68.975074,108.709298,105.434618,95.763250,69.675192,73.726334,50.801366,60.561131,36.133301,20.996206,37.714334,36.087641,23.653033,37.026172,24.644625,23.896431,51.015624,24.607636,12.363461,50.828083,0.001197,0.212540,24.626720,36.990170,26.512538,12.409236,0.081773,42.077479,12.305649,11.684675,27.116109,12.310128,24.652877,0.205388,37.023556,0.000452,14.793379,0.003921,11.481930,24.583059,35.226234,49.225822,11.453493,32.726681,12.265328,35.933218,45.795883,86.926844,64.656305,46.570869,118.507815,86.699180,88.458769,140.280360,140.428111,173.063833,175.662878,92.117246,149.188065
94.876482,101.281828,67.282249,76.930701,93.228772,48.236571,30.670845,35.264748,47.498048,34.332689,12.412535,19.444127,14.875597,0.101094,23.055561,22.688997,23.785648,37.846457,0.081773,27.133663,0.000452,47.701051,24.653210,27.147141,0.005648,12.307014,0.224654,12.511515,12.501696,0.250786,38.858984,14.793367,24.890469,24.159684,27.083358,14.794793,0.192232,0.006470,14.793345,12.304273,0.163997,23.768809,11.440901,0.000962,29.587192,0.163997,12.264527,11.497382,0.000000,12.321552,32.270337,36.961422,77.110483,44.941310,29.592754,0.000000,70.506756,34.238577,83.464902,35.965109,129.785213,161.667229,151.764483,91.435124
11.409735,22.864404,34.270733,34.223758,77.294230,34.395300,34.601343,11.500554,35.261954,24.636680,11.473274,0.000000,14.875147,11.447597,26.228576,0.000000,27.109993,12.294599,0.082225,23.843666,0.000000,0.000000,39.486147,0.000000,14.793374,0.081773,14.793376,12.567819,0.000000,14.794613,0.000000,0.001580,0.311954,0.085724,0.000000,14.793378,0.355590,15.053116,0.086850,0.005303,0.000000,0.000218,38.649727,0.081773,0.000452,12.308517,24.629901,24.560715,50.221326,23.828032,0.000000,60.771492,36.022097,23.895751,12.313352,98.467622,33.760564,53.476790,35.254143,45.788068,35.222074,22.869973,45.771154,34.374490
21.259914,30.911452,11.406871,32.348601,26.208229,11.475328,27.236405,24.508884,0.086965,35.306573,22.884246,11.470412,14.793356,14.793362,14.793363,29.592186,12.270535,0.000000,27.111486,0.082030,27.336202,12.295422,15.091890,0.081773,0.012934,29.593163,0.005531,0.000000,0.007188,0.228697,0.000000,0.000000,12.332721,0.004949,0.000452,0.223860,0.082225,0.000000,0.000000,0.081773,0.000000,0.000452,29.587195,0.000452,0.005806,15.076134,12.378868,12.334947,0.303879,39.374792,12.374604,12.330405,11.470642,12.326720,0.004180,21.994446,11.691461,12.242311,9.609380,46.631352,52.467795,22.927058,57.302205,11.628273
9.943634,11.475798,32.816044,54.937083,9.979658,0.000000,24.834726,0.000452,0.000452,50.946079,11.473962,0.000452,11.561932,0.000000,11.671516,0.000000,0.081773,0.000000,0.000000,0.081773,0.001712,11.986035,0.000000,0.191389,0.000000,0.000000,0.203018,0.081773,0.000000,0.000000,0.004059,14.793367,0.000000,15.077548,0.001179,0.100284,14.793374,0.005867,0.087147,0.188023,29.908216,0.089366,0.206553,14.994057,0.096798,0.000000,9.946518,14.793375,9.026489,14.793819,0.000000,0.000000,0.000000,0.082225,0.000000,12.424129,0.000000,11.490937,9.860289,37.677935,32.908670,11.557893,0.081773,28.877693
0.000000,9.605198,0.082225,0.006159,11.451351,26.311861,14.875604,0.000000,0.005097,10.011440,0.000000,11.507316,0.000000,0.000452,14.875116,14.794794,0.000452,0.000000,0.000000,0.001278,31.561158,0.104450,0.081773,14.793379,0.005173,14.793378,14.800093,14.797455,0.000000,0.000000,0.002383,0.082225,0.081773,0.000000,14.875138,0.001248,0.083181,14.875123,0.000452,0.000000,0.000000,44.380115,0.273574,0.005354,0.000000,0.001283,0.000000,8.780983,29.750257,0.000979,29.586747,11.744759,0.000000,29.668497,0.000452,0.000000,29.586751,14.793830,0.000452,0.000000,0.210793,14.793374,0.000452,0.000000
11.520425,0.081773,0.000000,0.000904,14.875131,14.875602,14.793805,29.668493,0.082225,14.793378,14.958404,14.875580,0.000000,0.082225,0.000000,0.000000,0.001631,0.001241,0.221697,14.970806,0.081773,14.793379,14.798912,0.004749,0.163545,0.000000,0.214667,14.793362,0.002369,0.001356,0.105723,0.000000,0.208284,0.082677,14.904770,14.793377,0.000000,0.000000,0.000452,14.793831,14.793348,0.082225,14.793809,0.481447,0.001208,0.000996,14.793375,0.000452,0.000000,14.793563,0.000000,0.000000,0.000000,0.003769,14.798032,29.668506,0.000000,0.000000,0.081773,14.798234,24.790721,24.707661,9.660259,9.669039
0.000000,0.000000,0.000000,14.793362,9.932484,14.793816,0.000000,0.004431,0.000000,0.000452,14.875148,0.000000,0.081773,0.006536,0.000452,14.794283,7.570860,0.108858,0.242414,0.102444,0.016413,0.119757,14.793375,0.005305,0.082225,0.273272,0.083414,14.793379,0.000000,0.082225,0.000000,14.875149,14.793371,0.000000,0.000000,0.000000,14.956889,0.000000,0.001300,9.840693,9.841271,0.000000,0.081773,14.793379,0.000904,14.793371,0.000000,14.800398,0.218652,0.000452,0.244728,0.000000,0.081773,0.081773,14.793380,0.000000,0.081773,0.000000,39.569829,0.081773,0.000452,0.082225,14.879497,0.081773
0.086842,0.005823,14.793804,0.081773,29.668968,0.000000,0.000000,14.793818,0.000000,0.000000,0.000452,0.000000,0.000000,14.794003,14.793373,0.000000,0.081773,0.000452,0.005560,14.793379,0.000452,0.210775,0.122360,14.892785,0.081773,14.794262,0.081773,14.875604,0.000452,0.000000,0.000000,0.000000,0.000000,0.000000,0.000000,0.081773,0.000000,14.793831,0.000000,0.000000,0.000000,0.000000,0.122213,0.108578,0.005693,0.261016,29.586746,0.087943,14.881327,0.253039,0.081773,29.812190,9.224082,0.000000,14.875342,14.875152,14.794250,0.093553,0.000452,14.793360,14.798238,0.000000,24.788004,9.805636
0.000000,0.000000,24.760412,14.793358,0.000000,14.793376,0.000000,14.793375,0.081773,0.000000,0.000000,0.000000,14.875604,14.793378,0.000000,14.880374,0.081773,15.189269,0.000000,14.797735,0.005772,0.000000,14.793377,14.793341,0.000000,0.000000,14.793827,14.897448,29.586724,14.793374,0.000000,14.793373,14.793808,0.000000,29.586728,29.587176,0.001415,8.757559,14.985063,29.587164,14.801007,14.793378,8.776436,0.000000,0.000452,0.187636,0.200933,14.793375,0.217325,0.081773,14.793379,0.081773,0.000000,0.000000,14.794262,0.000000,0.081773,0.000000,29.586720,0.000000,0.000452,0.081773,0.000000,0.004359
0.000000,0.000000,0.000000,0.000000,0.000000,0.000000,0.222397,9.141533,0.000000,14.793374,14.793369,0.000452,0.000000,9.227332,0.000000,0.082225,0.081773,0.203223,0.081773,14.793360,0.001495,0.000000,0.000452,29.587155,0.000904,0.000000,0.101544,14.875580,0.000000,14.875148,14.793369,0.082225,0.000000,0.000000,0.000000,0.000000,0.000000,0.081773,29.668518,14.793353,14.796818,0.081773,0.110085,14.793379,0.000000,0.000452,0.349118,0.000000,0.000000,0.000452,7.684041,14.793379,22.365117,0.000000,0.001271,14.793348,0.000000,0.000452,14.793370,14.793819,0.081773,0.000452,0.000000,0.000000
14.875120,0.000452,0.000452,14.793345,0.000000,29.586738,0.082225,14.793345,0.480547,0.081773,0.000000,0.348438,0.279333,14.875593,0.000000,0.005705,0.081773,0.000452,14.793377,0.081773,14.793832,14.793352,0.000000,0.001171,0.081773,0.000000,0.001195,0.103006,0.163545,24.586647,0.000000,14.876147,0.000000,0.000452,0.001094,0.000000,0.001694,0.000000,0.245318,0.000000,0.081773,0.002753,0.000000,0.000452,0.000452,0.000000,0.000452,0.087465,14.995486,0.000000,0.082225,14.793379,0.000452,0.000000,0.000452,0.000219,0.000904,0.000000,0.000452,0.000000,0.081773,0.220591,14.875126,29.586755
0.082225,14.875152,0.000000,0.081773,0.004089,0.000452,0.000000,0.000000,14.793368,0.000000,0.000452,0.000000,15.112139,0.082225,0.222968,29.592450,0.000000,0.000000,0.000000,0.000452,0.081773,14.793372,0.000000,0.000452,0.000000,0.001231,0.000000,0.163545,0.000000,0.220401,29.586755,0.000000,0.163545,14.793376,0.000000,0.000000,0.110980,0.185053,0.000452,0.190236,14.875149,0.081773,0.000000,0.000000,0.000000,29.668517,0.000000,0.000452,0.000452,0.000000,0.000000,14.793380,0.000000,14.794621,9.438244,0.000000,14.806762,0.203996,14.793367,0.081773,0.081773,0.000452,14.875150,0.000000
0.081773,0.000000,0.000452,0.000000,0.081773,0.000000,0.000000,0.000220,14.875129,0.000000,14.793813,0.000000,14.793378,0.000452,0.304813,0.004584,0.000452,0.178528,29.668478,0.000000,0.000000,0.000000,0.000000,0.081773,0.001136,14.793343,0.000452,0.178763,0.000000,0.001337,0.001589,0.000000,14.976268,0.000000,0.000000,0.000452,29.586703,0.081773,14.793832,0.000000,14.794436,0.000000,0.081773,14.793359,0.163997,0.111231,0.000000,14.793820,0.000000,0.000000,0.000000,0.191252,0.081773,14.793366,0.000000,9.265001,0.201595,14.875138,0.252978,0.081773,29.594477,0.081773,0.000000,0.001553
0.000000,0.000000,0.081773,0.000000,0.000000,0.083134,0.081773,0.000452,15.004274,0.000000,0.000000,0.317850,0.000452,0.000000,0.000000,0.000000,0.180193,0.000452,0.000000,0.000000,0.000000,0.081773,14.794556,14.793360,0.081773,0.000452,0.082225,0.000000,0.081773,0.106371,0.000904,0.000452,0.120810,14.793362,0.081773,0.000000,14.972112,0.000000,0.000452,14.793832,0.000000,0.082870,0.082936,0.081773,0.000000,0.000000,14.793350,0.000000,14.793367,0.000000,14.793375,0.000000,0.005079,0.000000,0.184616,29.586716,7.681086,0.346371,0.000452,0.007568,0.000000,0.000000,0.082225,29.799351
15.097671,0.000000,0.191732,0.081773,0.000000,0.000452,14.793798,0.081773,0.088702,0.191159,0.000452,0.000452,15.018912,0.000904,0.086131,0.109039,14.875133,0.000000,0.000000,29.586738,0.186440,0.000000,0.000000,0.000452,0.000948,0.000000,0.000000,14.793371,0.081773,0.002136,0.000000,0.000000,0.304118,18.662410,0.112379,0.000000,0.000452,0.000000,14.793373,0.082225,14.793369,14.895458,0.002595,0.081773,0.000000,0.000000,14.793340,0.000000,0.000000,0.255226,0.004428,0.004859,0.000000,14.875585,0.000000,15.076579,0.000000,0.081773,0.000000,0.005304,14.793341,14.956925,14.793365,0.164449
0.006912,0.000452,0.081773,0.000000,0.000000,0.207749,14.876031,0.000000,0.000452,0.001099,0.000904,0.082225,0.000000,0.081773,44.380131,0.081773,0.000000,0.000000,0.000000,0.000000,0.000000,0.000000,14.793803,0.000000,0.000000,0.000452,0.000000,0.000961,0.000000,0.220872,0.103440,14.876337,14.907472,0.114899,14.793365,0.215065,14.901024,14.793365,0.082225,0.000000,0.000452,0.000452,14.793376,0.000000,0.000000,0.106484,0.001405,0.081773,29.587963,0.000000,0.000000,29.586752,0.000000,14.797189,0.275322,0.004605,0.004731,0.000000,0.082677,0.000000,0.004335,0.217402,0.081773,0.000452
0.081773,14.799400,14.793378,0.169770,0.000000,0.081773,0.081773,14.796633,14.875152,0.185021,29.700104,14.875134,0.000000,14.875151,0.000452,0.000000,0.163997,0.000000,0.000000,14.875147,14.793371,0.000000,0.081773,0.000000,29.586720,0.000000,0.000904,0.000000,0.229905,0.001094,0.001022,0.000000,0.001062,14.875130,0.164478,0.000000,0.000000,0.000000,0.081773,0.082225,0.000000,14.875152,0.081773,0.000452,0.104877,0.000000,0.000000,0.081773,0.000000,0.000452,0.000452,14.793380,0.000000,0.000000,0.000000,14.793360,0.001616,0.082225,14.793377,0.000000,0.207511,0.001349,0.000000,0.081773
0.005906,0.011854,0.000000,0.004989,14.793802,14.875591,0.000000,0.000000,0.000452,0.082225,14.793378,0.000000,14.793368,0.000000,0.081773,0.081773,0.000000,0.081773,0.000000,0.000452,0.000000,0.000978,0.001475,0.000000,14.876430,14.793376,14.976848,0.000000,0.099483,14.875600,0.000000,14.793379,0.111690,0.081773,0.000000,0.000000,14.794772,0.000000,0.000452,0.001029,0.000452,0.000452,0.000000,0.001605,0.163545,0.000000,0.000000,0.082841,0.000000,0.081773,0.000000,0.000000,14.793343,14.793363,0.000000,0.000000,0.000452,0.000000,0.082225,0.192118,0.264582,14.875151,14.798584,14.793379
14.793375,0.330286,0.082225,0.000000,14.875128,0.000000,0.000000,0.086160,0.000000,0.000452,0.081773,0.000452,0.000000,0.082225,0.000000,0.082225,14.794283,0.081773,0.000000,0.000000,0.081773,0.081773,0.000000,0.000452,14.793357,0.081773,14.793831,14.875142,0.000000,0.000000,0.000000,0.000452,0.000452,0.000000,0.000000,14.905863,14.907793,0.081773,0.000452,0.000452,0.000000,0.000000,14.793829,0.000000,0.000452,0.000000,0.000000,0.000000,14.795134,29.588833,14.793368,0.000000,14.793830,0.000000,14.793832,14.793368,14.957351,14.793357,0.081773,14.793352,0.003951,0.000000,0.184083,14.793367
0.004635,0.000000,0.000000,14.793363,0.000000,0.000000,0.000452,0.000452,14.793341,0.000000,0.000000,0.000452,14.793372,0.000000,0.000452,0.000000,14.793375,0.000452,0.000000,0.000452,0.000000,0.000000,0.081773,0.000000,0.000452,0.200977,0.081773,0.000000,0.081773,0.000000,0.000000,0.000000,0.190705,0.001504,0.001670,0.082225,0.000000,0.000000,14.794627,0.083024,0.190402,0.000000,0.000452,0.000000,0.081773,0.001457,0.081773,14.793377,0.081773,29.586752,0.000452,0.081773,0.000452,0.000000,0.081773,0.000000,14.793349,0.000000,0.000000,0.000904,0.082225,14.997041,0.000000,0.000000
0.000000,0.000000,0.000000,0.000000,0.000000,0.000000,0.000000,14.875148,0.000000,0.000000,0.000000,0.081773,0.081773,0.000000,0.002298,29.668525,14.793830,0.000000,14.793378,0.000000,0.082225,0.000452,0.081773,0.082677,0.082225,0.000000,0.000000,24.749145,0.108067,0.000000,0.001075,14.875151,0.000000,0.000000,0.000000,0.000000,0.000000,14.793379,0.000904,0.116933,0.000000,14.793351,0.000000,0.000000,0.000000,0.081773,29.587207,0.000452,0.081773,0.081773,0.000000,14.793818,0.000000,0.000000,0.187213,0.000000,0.000000,0.082225,0.000452,0.081773,14.793369,0.087264,0.000452,0.000000
14.793376,0.081773,0.082225,0.000000,0.001439,0.000000,14.875137,0.000000,0.000000,14.793832,0.000000,14.793369,14.793375,14.875585,0.000000,0.163545,14.793831,0.082225,0.000000,14.793345,0.082225,0.000000,0.000000,0.000000,0.081773,0.000000,0.000452,0.000000,29.588873,14.793799,0.000000,14.793379,0.000000,0.081773,0.000000,0.000000,0.081773,0.109587,53.154373,0.000000,0.000000,0.081773,0.000000,0.000000,0.081773,0.000000,0.081773,14.793830,0.000452,0.001010,14.875152,0.001218,0.081773,0.002383,0.081773,0.000000,0.163545,0.000000,0.000000,0.000904,14.793364,0.081773,14.793380,0.000000
14.875130,14.793365,0.000000,14.793794,0.000000,0.000452,0.000452,0.000452,0.000000,0.000000,0.000000,14.793360,14.793364,14.875117,0.000000,0.082225,0.000000,0.000000,0.000452,0.081773,14.794794,0.001490,0.000000,0.081773,14.793379,0.000000,0.109727,14.793380,0.000000,0.000452,0.000000,0.000452,29.586751,0.000000,0.000000,0.000000,0.083701,14.793374,14.875151,14.875152,39.557285,24.774134,0.000000,0.083502,0.000000,14.794329,0.000452,0.081773,0.081773,0.000000,0.000000,0.000452,0.000000,0.105887,14.793365,0.000000,0.000000,0.189079,0.081773,14.793348,14.793379,0.081773,14.793365,0.000000
14.794947,0.003357,0.082225,0.000000,0.000000,0.081773,0.000000,0.000000,14.793355,0.000000,0.163545,0.000452,0.000000,0.081773,14.793355,0.000452,0.082993,0.127721,14.794790,0.001765,0.000000,0.001325,0.000000,14.793379,0.000000,0.000000,0.081773,29.586737,0.000000,0.001103,0.000452,0.000452,14.875591,0.000000,0.000000,0.000452,0.000000,14.980924,0.083107,0.108440,0.098317,0.000000,14.910939,0.000452,29.668531,0.000000,0.000000,0.083471,0.000904,0.000452,0.000452,0.000000,14.793375,0.000000,0.000452,14.793352,0.081773,14.793370,0.000000,14.793357,0.081773,14.793359,0.000000,0.115926
0.000000,0.000000,14.793792,0.000000,14.793343,14.793378,14.793376,0.000000,0.000000,0.000000,0.000452,14.793380,0.081773,0.000000,0.001665,0.000000,0.000452,0.081773,0.000000,0.002648,0.001489,14.793830,0.000000,0.000452,14.793823,0.081773,14.794524,0.000000,14.793794,0.000000,0.163545,0.082225,0.000000,0.000452,14.793831,0.082225,0.000000,0.105481,0.081773,9.962322,0.000000,14.895409,14.793347,14.793371,0.001514,0.107018,0.000000,0.000000,0.001396,0.000000,0.000000,0.000000,0.000452,0.000904,0.000000,0.000000,0.000000,14.793379,0.082225,0.000000,0.000000,0.000000,14.875604,0.000452
14.875149,0.000452,0.000000,14.793379,0.000000,0.190632,0.082677,0.081773,0.187207,0.081773,0.000000,0.081773,0.000000,0.081773,14.793374,8.722452,14.793827,0.000000,9.858763,9.866623,14.793366,0.000904,0.000000,0.081773,0.000000,0.000000,0.081773,0.000000,14.793380,0.000452,0.000000,0.000000,14.875126,0.000000,0.000452,0.000452,14.875124,0.000000,0.000000,0.082225,0.094011,0.163545,0.290472,14.793829,0.000452,0.000000,0.000000,0.000904,0.000000,14.793374,0.000000,0.000000,0.000000,14.875131,0.000000,14.793380,0.001214,14.793829,0.000000,0.082225,0.001142,29.586747,0.000000,29.750270
0.000000,0.081773,14.793353,0.002225,0.000000,0.000000,14.957357,14.793374,14.875147,0.000000,0.246222,14.793380,0.000452,14.875133,0.000000,0.000000,0.000452,0.000000,0.000000,0.000000,0.000904,0.000452,0.081773,0.000452,0.000000,0.082225,0.000452,0.000000,0.000904,0.163545,0.081773,0.000000,0.081773,0.081773,0.081773,0.000000,0.000000,0.000452,0.000000,14.793359,0.081773,0.189232,0.000452,0.000000,0.000000,0.000452,0.000000,0.000452,0.000000,0.001545,0.000000,0.000452,0.000000,0.000000,14.875116,0.000000,0.000000,0.001132,14.875146,0.001121,0.000000,0.081773,14.793831,0.000452
14.793364,0.000000,0.000000,29.587183,0.000000,0.000000,14.794449,0.001036,14.793369,0.100624,0.000000,0.082225,0.000000,14.793831,0.081773,14.793380,29.668506,0.000000,0.000452,14.904939,0.000452,0.000000,14.794276,0.000452,0.000000,0.000452,0.163545,0.000452,0.000000,0.000000,0.000000,14.793378,0.000452,14.793368,29.587192,0.000000,0.000000,0.000000,29.668525,14.875595,0.000000,14.793378,14.793812,0.081773,0.000000,0.000904,0.002478,29.586733,0.103685,0.000000,0.000000,0.000452,0.000000,0.000979,0.000000,0.000000,0.183111,14.875604,0.081773,0.000000,0.082934,0.108881,0.000000,14.875132
