209.209767,211.878514,279.781190,277.829781,360.213304,433.027849,509.251912,586.763471,605.270738,661.311209,632.217704,686.779182,641.233692,615.048963,601.571853,625.510602,495.436895,512.334617,463.463554,445.266677,386.469362,375.017009,354.222373,392.163966,353.831883,369.591614,327.105766,340.127844,301.655452,300.739678,22.025348,0.000000
289.570810,287.966931,357.483104,338.951507,417.330873,477.993308,668.521557,743.081806,780.681736,789.717572,828.109533,830.775184,776.683932,781.138767,810.343576,775.371492,717.362286,743.981863,602.550414,539.201596,547.136420,432.480573,483.194423,473.778284,482.481230,460.460750,412.125195,379.528043,421.037095,409.618458,26.821657,0.000000
321.582799,324.154866,351.463656,467.607181,586.273296,573.468061,671.266966,817.405759,842.986140,1014.189992,881.616694,898.694903,826.471884,911.648443,850.791949,862.284949,833.245919,692.112035,739.971247,631.469766,653.639740,533.339843,550.824829,551.175923,459.970504,504.261136,457.399291,441.534690,450.304912,454.611369,14.606217,0.000000
386.199496,313.344896,401.852482,518.527381,568.329671,677.400941,749.912247,781.039958,927.436633,1033.758031,917.093596,981.115064,995.082906,941.650940,932.327630,939.086324,892.703206,786.635480,766.603795,681.802055,576.177856,558.843461,555.807060,531.271228,514.763823,578.507941,481.303931,448.604959,482.238966,489.632647,43.816560,0.000000
440.926842,409.855037,455.350642,486.287236,666.919011,739.433001,783.344475,962.603201,982.794146,1024.226791,969.249785,1012.819767,994.593387,1058.497460,940.881394,970.725369,930.981970,783.119274,756.072946,777.672334,699.042993,625.261974,576.049210,647.698802,574.092613,492.650998,610.056737,528.263089,428.532809,444.112814,29.154356,0.000000
492.888884,516.605797,643.893786,718.961764,730.709619,873.356648,888.451611,942.550589,1005.739817,955.187245,940.491867,959.610443,1081.510946,1099.630586,1026.269186,951.987384,891.916157,903.794784,855.822903,866.890582,719.659560,745.106741,719.427778,781.174737,642.054097,531.842037,583.202165,569.513581,446.974683,444.862437,26.632228,0.000000
558.478577,553.255412,701.321155,744.435613,851.076892,881.497682,936.215242,934.487924,977.788225,980.401879,1029.785157,987.414372,1000.360779,963.122511,1018.264392,939.203527,943.138757,970.876873,833.968757,1005.631958,946.471208,907.581474,884.378510,715.910724,662.012832,614.807027,525.597027,515.267505,504.795717,404.867769,29.267977,0.000000
584.573317,620.292671,809.815280,862.274283,872.945114,973.080663,998.623830,949.880653,1007.139998,1030.436735,972.630833,961.605261,1005.892285,955.925030,988.451181,951.567172,951.084648,961.385370,984.998128,1014.380190,881.816805,875.483054,762.498501,772.057314,662.153288,616.831083,545.776486,549.208145,505.179756,417.386236,29.074102,0.000000
688.626563,632.890851,760.415113,865.140241,866.136775,1036.050672,1034.102675,985.957647,974.643632,924.486849,1078.290724,918.673250,997.724574,998.385193,1046.402058,1029.063303,1027.856942,1038.811585,988.529416,915.336418,959.810989,986.813061,806.420538,718.489936,668.610488,644.512812,548.500267,567.546780,505.786092,449.555149,24.267884,0.000000
697.092070,679.836867,778.522821,855.504373,968.994434,890.807502,999.301617,1038.360230,975.903536,977.090629,953.060672,1014.186590,971.331251,1001.730781,1117.291574,939.234811,964.521431,995.101875,1012.601690,945.714600,942.247632,853.543673,963.087399,836.951395,652.511386,631.762852,597.093717,502.826307,504.438483,423.899774,31.734395,0.000000
613.173312,560.544322,761.877162,833.262211,943.864575,992.268523,994.959135,961.290586,954.616151,959.187329,986.596208,1057.089596,1051.766669,1074.785554,972.853120,1013.888120,956.583724,995.433163,953.452658,934.356803,903.610865,954.544512,871.732000,761.363318,700.391318,657.105654,596.887566,575.675507,475.481914,490.602960,34.410710,0.000000
623.028516,649.949440,777.446216,843.730282,920.154463,953.195315,979.510630,983.749617,1039.526389,998.671814,1001.136068,1041.887192,996.639314,1020.805558,1104.252118,1046.033863,969.163680,954.514577,906.198499,951.165578,972.343650,879.732162,885.376715,793.527936,726.827118,660.846156,609.654352,513.154682,439.917318,506.304529,26.562484,0.000000
670.890541,686.378063,790.795525,895.565050,905.848063,921.475357,885.191641,955.131389,967.427905,1024.282730,980.023460,954.895885,1013.503040,950.663647,937.040019,1003.251641,969.667775,1012.464990,1143.706958,976.413909,973.651609,950.074119,849.981451,808.622959,740.469403,687.914641,564.829267,514.552283,500.441318,467.273973,46.294574,0.000000
644.006459,655.570388,735.141857,952.416793,916.620358,1005.886136,951.919249,975.017418,951.470720,953.986021,949.741608,975.778645,1005.462023,996.834154,1015.093894,1006.674634,993.015446,962.153628,975.239865,996.001517,936.808073,917.561019,864.239268,783.696526,742.636166,690.518082,559.169660,513.381806,538.004989,429.566252,36.641046,0.000000
642.105382,689.920280,818.463786,824.441008,985.246820,923.318539,1008.845717,1036.297658,968.769568,909.716657,1105.000517,964.615169,994.999676,1018.950559,1068.268283,947.070388,1009.187794,961.171492,978.868934,1027.162098,909.603680,913.528566,915.680516,766.976515,733.589816,577.565803,556.912401,521.159390,461.082281,404.553585,17.441007,0.000000
678.296336,635.354336,806.370591,863.130884,983.796793,977.777761,979.980124,1069.408357,961.711701,1032.292621,1085.198596,1058.332705,947.935473,1035.884627,923.573289,965.730719,1021.351611,1042.487117,940.034147,939.627226,945.725513,850.550791,864.472253,794.332241,722.564988,676.833512,545.247736,526.246058,433.495339,373.243816,22.339748,0.000000
643.356616,661.621533,810.862464,893.268768,1061.610868,918.411189,1048.658043,1035.618461,970.120758,1068.995646,928.042369,1019.892402,1082.934564,995.549315,1038.868227,926.106674,1009.179089,973.909582,1018.701388,975.673587,945.168598,863.218821,872.553653,821.514391,676.975861,613.031484,343.547333,106.330314,83.954260,39.876637,0.000000,0.000000
685.627197,696.160795,822.365668,930.220679,896.373717,929.694820,917.687589,1012.576299,945.804104,941.444370,971.022669,914.666933,1001.505149,1032.369583,961.044569,1012.183471,1052.413005,975.862025,873.295836,873.553354,932.484247,1019.677284,950.511920,886.354630,717.282330,646.335419,237.401208,68.546923,27.862658,10.511250,0.000000,0.000000
683.686672,742.612495,707.409877,843.913736,938.345127,1012.876251,993.665264,1023.140031,1016.191839,1071.037225,885.404535,953.998831,914.300199,985.373253,1051.131389,1031.517738,1016.529389,969.927207,989.137521,1020.999541,972.569621,886.669658,833.796431,839.148522,776.759307,581.616097,219.804056,64.739323,58.381841,19.406609,2.782849,0.000000
638.690929,591.116758,804.061746,797.931027,925.357967,964.905740,998.210194,929.418816,966.414301,1065.383089,1012.758257,928.472663,957.672178,991.836577,1006.288858,1111.442224,913.591176,924.726162,1117.814330,980.852890,918.158315,921.153631,878.383584,770.667193,796.663843,655.986492,262.207101,64.807443,20.260474,16.722951,0.000282,0.000000
644.365171,654.737250,854.603576,921.244556,848.916626,984.038055,1007.937567,960.265569,1037.706300,1038.970448,1035.946316,1022.069271,1035.089320,998.260899,1040.005453,996.840606,1072.908464,1032.386282,966.743488,975.817044,963.416374,879.903809,832.770731,723.348038,758.576900,621.310166,308.012398,56.447576,25.026983,11.134769,0.000000,0.000000
734.212606,549.058830,907.160783,852.549189,944.693222,942.699099,1033.511803,1068.032877,893.630920,957.012668,978.362200,1011.269268,979.638117,1031.518183,1006.160862,1019.592341,1030.665104,898.367778,934.454215,999.870593,907.285769,971.464336,834.526102,843.051930,730.249284,696.200820,221.419621,30.618356,37.040197,24.256970,0.000000,0.000000
615.637315,673.419921,776.075243,902.127510,845.830049,1006.416110,954.458289,946.281387,948.759633,929.257194,980.622507,1029.960077,999.642548,976.787062,1016.131825,936.787944,954.602362,980.658371,996.644175,1000.137762,963.681181,899.681291,838.892020,738.747275,778.480053,632.211069,220.919009,57.312429,22.220535,13.950263,0.000000,0.000000
607.832625,654.425304,795.814698,884.663719,893.067793,954.910132,1038.557262,1041.115700,969.944416,1043.733127,951.245587,1059.606478,1059.751751,977.868994,1004.531765,926.646952,1005.222590,1002.238923,959.254455,973.218977,916.583176,1014.124451,879.684683,747.111210,737.088744,598.716259,292.535860,44.682578,30.585076,14.818248,0.000000,0.000000
622.366967,649.780375,741.560286,907.507553,997.815189,895.019721,983.554387,942.878377,1034.072258,994.249908,1067.115205,943.931972,997.678665,997.478155,1023.076981,998.168942,990.991785,1071.696724,965.731436,976.345736,973.272134,879.443022,881.407796,848.948128,701.737550,605.876225,241.695628,78.795225,33.429525,6.465653,3.681902,0.000000
591.772180,616.223724,845.925032,980.382189,882.445646,916.047224,1046.127817,992.905989,970.827390,960.932455,985.884091,1021.043117,984.311025,982.996795,882.388811,998.305609,941.444675,999.728320,987.559541,913.121925,1011.952871,965.058919,878.998840,788.262187,732.602256,645.855392,212.265198,48.149285,34.287528,21.371348,0.020352,0.000000
598.522779,677.226440,833.382334,889.811770,867.055970,981.525552,1057.535107,1032.762717,1065.097030,1068.011988,990.990946,1011.100381,991.631080,1019.358757,965.628971,956.332171,924.796326,952.370751,949.350686,1053.379026,933.206117,987.496656,926.961771,718.631038,676.451031,667.317168,252.899967,50.883757,30.593130,17.725066,0.000000,0.000000
644.107194,665.388732,785.607935,907.211478,888.943762,981.032813,943.196278,936.765333,1128.107145,1020.694441,1019.329044,959.603327,1033.436197,927.342926,1006.975664,1045.050107,1016.159363,958.328515,898.082430,986.733798,972.413939,953.665638,902.029820,802.806253,682.491001,648.305396,281.233085,44.268785,43.504382,26.907602,0.000000,0.000000
700.706803,649.963658,821.573904,917.725891,900.777279,917.716566,1013.172198,943.664785,913.198090,1019.250272,1014.381223,1111.196146,1181.498275,1073.131734,1012.398986,1010.045321,1009.257124,987.140085,1017.094685,1072.630500,931.775023,842.755234,888.031402,884.974163,719.077789,650.447885,223.435468,65.623380,25.629967,9.275556,0.000000,0.000000
603.277158,601.994892,789.840193,837.292858,931.692382,918.195951,984.010914,1105.189157,963.098450,999.856369,945.508830,917.765925,970.848006,998.416152,954.297937,984.946821,944.801576,943.617510,931.103279,966.175054,921.643232,868.444974,813.770953,824.557154,713.479328,593.423971,247.258311,57.372272,11.152965,7.768008,0.000225,0.000000
638.924047,636.272048,776.949940,879.905973,867.601643,1005.098766,938.839515,986.338872,939.482741,1061.430614,1042.532071,942.875801,963.321306,1008.511897,1084.217733,1001.668640,935.667097,981.519025,1007.072192,1042.800508,1016.574682,957.981145,900.614145,812.302617,693.964622,642.694285,241.191152,47.228375,28.760866,5.561073,0.000000,0.000000
660.146618,682.967922,768.921960,986.186447,883.874037,957.802649,925.818852,1009.575487,1049.584059,999.581512,992.612176,958.871527,1051.354162,1100.857001,1033.159699,1009.169790,991.536300,911.642830,996.711786,955.757543,910.259265,918.687021,893.721496,726.087212,723.275922,645.395195,231.493403,50.117196,32.387125,16.719460,0.000000,0.000000
639.412486,629.961331,779.069712,820.095919,916.965499,900.587715,917.337889,961.426875,1038.173226,962.763406,1005.400969,960.007230,1049.459586,992.013994,1089.443133,948.485221,1047.058724,981.987755,890.562110,931.262777,993.020636,919.439638,794.915410,776.081532,692.994681,609.088420,214.008929,52.841099,25.104910,17.649518,2.792802,0.000000
636.671799,589.673955,738.500586,813.301378,941.961633,1015.627854,1012.972900,957.610151,961.754123,963.428491,990.417061,1005.089757,986.603954,1043.562416,1002.302325,926.107309,968.959457,1051.773683,942.391939,897.974887,1007.197733,850.677530,906.939910,782.141802,786.861512,543.847641,298.918979,44.291887,44.343318,33.307666,0.000000,0.000000
588.613113,597.473105,790.091628,857.584885,941.119270,947.870317,973.811881,989.880350,950.746547,1026.123240,1003.592091,1038.826424,998.997074,926.264848,986.257448,999.710399,1078.344814,1000.878655,984.542517,846.630766,1002.554512,904.256678,853.235848,890.625720,781.013659,640.717703,300.671629,38.455526,37.830839,15.808860,2.782289,0.000000
698.022574,589.300311,790.412406,849.143270,865.515905,886.048482,919.309168,937.621458,1012.261650,1065.499557,964.558130,1128.921285,964.929055,1003.814961,971.110379,1034.684669,1051.639190,1062.094223,1001.197792,1021.963469,908.097663,936.857273,837.517132,779.530450,732.260373,601.418834,300.507488,61.702826,49.197843,22.289505,2.789290,0.000000
590.995719,628.500434,796.859875,976.063464,877.112844,890.924251,1006.795304,932.036041,1017.501029,971.694530,959.680471,944.854314,983.231801,1032.272627,982.233994,916.809077,983.903212,953.269224,1042.106303,1004.955655,969.086055,943.493817,819.397064,766.455434,694.856116,664.165545,244.414106,38.911637,20.466179,14.819644,2.785012,0.000000
553.724571,718.394089,761.946215,891.483620,936.824232,931.750650,1080.432849,975.999785,995.944156,1122.136759,984.922353,1091.286480,1041.113709,973.425629,1007.909712,1004.542683,1169.232137,964.176951,981.203516,989.850808,901.886850,968.012698,869.170328,706.572132,782.570083,577.206210,280.172284,64.611642,20.425765,23.189874,0.000000,0.000000
592.446414,702.406225,828.225873,885.618811,795.481706,1044.999652,984.682387,930.437505,1032.234297,972.094221,898.131748,1012.941006,976.267578,1027.111597,938.804733,1050.586512,920.099035,1103.223175,1066.518122,904.710890,1020.756004,930.949787,885.685920,836.306496,684.728094,638.491000,280.232503,34.469354,29.279996,23.168063,0.000000,0.000000
676.026314,575.895085,742.156730,831.623028,933.638830,892.603911,955.881740,1004.358901,1082.419412,932.957093,1073.807261,942.929927,913.026717,942.143670,1052.406777,1056.656069,952.674819,945.524521,907.747675,988.787014,1012.783141,940.133303,902.772318,755.390986,756.294363,660.029204,262.739178,50.562900,25.041825,19.676068,2.784330,0.000000
719.500003,696.565746,818.018028,774.567737,891.716694,972.258491,1016.962623,987.476998,981.002423,949.098143,1036.468013,984.134337,988.504617,997.468348,994.499676,1032.414272,934.179417,959.820803,972.389119,947.109181,1011.316764,974.933278,906.974865,845.080615,690.071504,576.357735,277.939206,41.191603,21.089249,17.636450,0.000000,0.000000
653.169526,607.805051,821.202097,915.310875,937.823187,993.284170,996.983086,1000.351641,976.789901,912.686020,893.834567,960.379922,1038.077309,979.256696,937.439323,1093.674895,1012.580559,999.474138,1011.578960,914.568106,924.960804,887.455187,831.102990,859.963131,711.670587,629.909261,248.959954,53.438239,46.329231,16.644103,3.681906,0.000000
664.071517,578.874169,807.957374,859.117085,851.067447,927.541560,845.553282,988.858619,992.744258,945.806299,1026.587487,966.042143,1006.640654,862.397124,946.501360,1015.090198,1047.815677,1032.790237,920.292452,975.034076,945.564688,835.640074,931.050060,796.413694,671.000019,627.193332,262.251793,81.826663,27.899609,43.632405,0.000000,0.000000
680.160257,686.829512,885.689650,932.747464,856.531600,954.238288,951.669674,998.108899,1009.171436,1039.966384,1063.066556,1021.859924,999.497788,1059.489424,910.401765,946.610789,1022.693309,1066.584971,964.097238,875.959100,1015.426966,919.016394,836.374935,807.648675,770.183917,616.099060,311.061464,58.498752,30.571807,16.727969,0.000000,0.000000
670.899999,659.620510,774.520940,938.035423,931.243978,958.226928,1010.833831,939.523492,987.735822,914.011231,1051.232002,987.220774,1048.130480,999.790585,1020.989720,939.539668,996.950325,959.973743,997.775994,919.703714,1065.371073,965.147595,939.421890,810.673562,718.369651,598.363261,279.097388,62.585131,30.538428,13.168712,0.000000,0.000000
635.966521,561.799903,773.139049,840.100482,1045.821969,906.521601,927.947449,1077.502930,998.321789,1061.867344,1033.974720,1048.989835,1099.901437,986.529479,1083.582721,955.965600,976.727136,946.015633,1025.438414,1019.933717,930.067857,849.746300,864.342076,821.381374,720.045544,583.875420,231.236315,67.171101,37.125316,17.603540,2.784161,0.000000
743.613252,638.160149,769.752051,919.669710,961.330350,975.146276,1092.172341,955.436095,979.187315,967.531209,901.669782,1069.596513,1074.990564,1005.993843,960.915099,1008.898995,1001.313172,936.878705,994.530692,1033.050184,968.504244,980.612471,813.696658,790.985800,759.986107,654.409256,266.999319,67.392306,32.602782,24.113874,0.020352,0.000000
636.074620,598.959817,823.004540,814.770717,912.775307,953.058026,1008.685977,1040.052809,902.379017,1026.303164,948.241661,965.165774,980.426466,1021.351820,1044.368943,914.034948,1036.562112,995.948487,1011.047301,1009.835379,975.483657,961.162571,888.459071,785.781023,688.161818,689.954205,304.807355,128.413121,54.460617,66.279514,2.475974,0.000000
685.855476,615.901181,765.350576,928.937045,973.433860,952.113373,1046.983521,1006.499839,983.755225,998.956181,937.410461,1041.195811,987.003282,990.915297,1047.413094,920.580682,1041.858109,953.618319,926.306145,968.310200,906.133608,1017.929256,908.921394,825.174116,635.557356,654.791196,488.728461,516.629649,423.731277,450.775440,31.806035,0.000000
712.129746,690.955033,790.144336,894.738302,893.148559,1008.889235,972.726164,901.439132,1013.328622,953.115044,940.484126,975.065240,1037.114789,959.324563,873.326089,938.083695,1021.691192,954.284136,1060.733140,896.373435,862.870054,944.124210,920.568407,838.618876,728.469117,629.604918,525.589986,557.165229,559.628253,444.152191,33.185037,0.000000
664.340800,688.425293,820.138099,850.860348,952.164782,974.766657,980.838369,1067.929011,1019.222774,971.729786,953.237807,1036.350373,1014.003306,1052.023667,1024.407554,925.132995,1007.329175,1029.457750,938.146615,896.339803,942.226221,901.594055,897.216919,781.487790,698.091538,579.468527,554.687125,521.168783,592.441965,450.663341,34.323693,0.000000
726.153435,600.552226,786.415331,889.342590,923.496405,994.823841,956.396468,1056.530768,971.645357,938.058718,931.195329,917.120920,997.984901,1095.199934,1049.874132,1029.529528,1018.363598,1058.358898,974.227156,998.529671,976.577341,875.477220,862.477692,846.627135,720.447807,634.849107,568.710668,565.759591,533.785537,511.309736,28.993962,0.000000
670.076712,636.029674,735.339285,824.446668,985.528072,971.434838,965.558954,970.980030,1028.710486,1048.123061,940.206986,961.768749,1022.393998,1029.603401,978.549736,964.322076,1075.427311,903.466996,1091.352213,897.443371,924.829809,888.769925,835.014967,767.096095,698.731417,707.420134,558.190518,548.965197,503.669521,464.685500,36.584941,0.000000
645.110795,727.238148,797.538025,906.875078,986.440311,950.272465,1037.348371,985.961668,956.411475,902.055639,1026.148861,948.401400,971.724288,1003.182911,1011.741381,968.932107,995.959707,1071.280513,1018.193147,1090.727977,974.883533,956.806295,878.346820,798.787589,717.253679,654.271448,570.342351,509.451543,532.190688,517.310081,27.013562,0.000000
625.121530,699.181758,734.816378,880.082882,946.355024,956.082223,909.217668,975.962580,1057.548697,955.225604,903.751304,909.787543,962.114056,1113.308858,1001.252376,954.017171,991.103713,927.959508,954.806015,906.673644,948.484118,849.196057,835.784100,778.526858,720.619307,661.880594,613.507338,545.651199,520.537065,464.389610,33.039126,0.000000
627.295221,635.165299,825.982678,937.679643,967.620694,995.494321,921.017620,912.359039,1050.103180,991.448761,1051.057173,953.097666,921.183410,1010.685639,935.328879,1047.566694,1003.200830,1040.560618,966.147817,987.779452,956.941349,945.947186,870.056476,802.530372,694.279136,672.294039,609.939744,499.131293,467.903389,523.574115,21.877601,0.000000
598.916381,643.089387,820.417386,840.557650,998.134369,886.021724,1011.646925,905.554812,1130.671374,1004.304553,991.412855,931.892246,1015.723398,1016.777646,1007.000735,967.176147,969.203818,1051.128137,858.329827,920.683374,912.862017,762.823476,786.676386,753.233712,658.352343,662.079212,576.804909,495.036587,505.828219,430.228048,34.373228,0.000000
571.785870,564.421185,667.708641,799.640043,813.304459,980.646755,946.158368,1049.109872,987.609024,996.033253,949.568307,937.900318,931.667728,812.400661,928.121119,991.442008,1011.597221,912.025369,940.641352,904.728095,831.170646,783.203940,816.617794,716.686568,651.785316,640.840020,604.729041,526.714683,517.244853,471.048589,31.667793,0.000000
452.939604,611.238723,618.672085,684.609862,740.051260,893.376153,897.181735,923.824223,932.667006,928.999884,1012.377324,911.680105,1113.699940,1013.663095,903.357610,941.878377,917.914826,878.031155,839.937026,814.995441,779.528152,687.034552,717.466542,680.352369,583.798966,579.775515,538.175257,555.434106,502.031995,409.810920,24.479248,0.000000
374.355160,461.656414,521.106912,602.924714,670.821921,707.529243,823.396355,872.019282,933.023040,954.545398,1035.336476,1049.230447,925.022177,865.628330,991.156509,949.314397,860.318188,849.119719,882.877217,767.329628,682.726204,692.239360,673.148462,583.049533,567.835216,548.495033,530.646898,553.887492,484.355333,407.813113,38.874967,0.000000
349.570035,339.255012,379.874234,446.407787,573.106742,652.737545,755.132365,837.067168,837.340521,962.055440,929.030555,971.794084,1066.170435,986.011166,907.641994,984.909578,925.936225,723.477152,775.685971,719.530678,628.746856,612.349076,579.897639,531.143618,475.000751,491.893015,501.815932,552.268847,589.567872,454.863517,27.980722,0.000000
354.696564,258.663235,385.437352,462.564928,488.043507,581.581795,669.634186,855.172019,912.576903,872.151981,923.372519,874.007333,931.172962,986.033741,971.777822,861.093052,821.647177,722.285170,736.650891,560.113951,604.163703,593.569443,541.591163,508.548079,550.861855,517.532727,477.789519,434.889960,545.746809,461.545699,21.696115,0.000000
284.361742,256.074239,302.078032,361.438217,498.193427,465.219892,590.914741,669.636134,821.174799,873.963962,776.548271,871.212484,846.082306,789.283089,845.043002,675.001178,770.286805,714.853322,623.797814,509.389178,553.553908,526.240476,440.430959,413.388645,470.451173,456.199097,386.055655,449.662667,470.796284,373.325297,29.132771,0.000000
218.300197,210.989039,239.061551,306.653882,376.548158,464.612833,504.645332,518.943866,625.773470,655.133805,791.587967,603.963229,651.974320,679.810376,620.586845,539.117485,544.121291,549.678313,511.183139,452.039862,368.424676,402.904411,327.135717,374.577512,400.168197,389.082344,326.584560,354.641902,328.526420,339.470104,26.646692,0.000000
