986.543869,957.948395,232.338230,0.000000,0.000000,0.000000,0.000000,0.000000,0.000000,0.000000,0.000000,0.000000,0.000000,0.000000,0.000000,0.000000,0.000000,0.000000,0.000000,0.000000,0.000000,0.000000,0.000000,0.000000,0.000000,0.000000,0.000000,0.000000,0.000000,0.000000,0.000000,0.000000,0.000000,0.000000,0.000000,0.000000,0.000000,0.000000,0.000000,0.000000,0.000000,0.000000,0.000000,0.000000,0.000000,0.000000,0.000000,0.000000,0.000000,0.000000,0.000000,0.000000,0.000000,0.000000,0.000000,0.000000,0.000000,0.000000,0.000000,0.000000,0.000000,0.000000,0.000000,0.000000
882.885274,225.189361,0.000000,0.000000,0.000000,0.000000,0.000000,0.000000,0.000000,0.000000,0.000000,0.000000,0.000000,0.000000,0.000000,0.000000,0.000000,0.000000,0.000000,0.000000,0.000000,0.000000,0.000000,0.000000,0.000000,0.000000,0.000000,0.000000,0.000000,0.000000,0.000000,0.000000,0.000000,0.000000,0.000000,0.000000,0.000000,0.000000,0.000000,0.000000,0.000000,0.000000,0.000000,0.000000,0.000000,0.000000,0.000000,0.000000,0.000000,0.000000,0.000000,0.000000,0.000000,0.000000,0.000000,0.000000,0.000000,0.000000,0.000000,0.000000,0.000000,0.000000,0.000000,0.000000
268.082573,0.000000,0.000000,0.000000,0.000000,0.000000,0.000000,0.000000,0.000000,0.000000,0.000000,0.000000,0.000000,0.000000,0.000000,0.000000,0.000000,0.000000,0.000000,0.000000,0.000000,0.000000,0.000000,0.000000,0.000000,0.000000,0.000000,0.000000,0.000000,0.000000,0.000000,0.000000,0.000000,0.000000,0.000000,0.000000,0.000000,0.000000,0.000000,0.000000,0.000000,0.000000,0.000000,0.000000,0.000000,0.000000,0.000000,0.000000,0.000000,0.000000,0.000000,0.000000,0.000000,0.000000,0.000000,0.000000,0.000000,0.000000,0.000000,0.000000,0.000000,0.000000,0.000000,0.000000
0.000000,0.000000,0.000000,0.000000,0.000000,0.000000,0.000000,0.000000,0.000000,0.000000,0.000000,0.000000,0.000000,0.000000,0.000000,0.000000,0.000000,0.000000,0.000000,0.000000,0.000000,0.000000,0.000000,0.000000,0.000000,0.000000,0.000000,0.000000,0.000000,0.000000,0.000000,0.000000,0.000000,0.000000,0.000000,0.000000,0.000000,0.000000,0.000000,0.000000,0.000000,0.000000,0.000000,0.000000,0.000000,0.000000,0.000000,0.000000,0.000000,0.000000,0.000000,0.000000,0.000000,0.000000,0.000000,0.000000,0.000000,0.000000,0.000000,0.000000,0.000000,0.000000,0.000000,0.000000
0.000000,0.000000,0.000000,0.000000,0.000000,0.000000,0.000000,0.000000,0.000000,0.000000,0.000000,0.000000,0.000000,0.000000,0.000000,0.000000,0.000000,0.000000,0.000000,0.000000,0.000000,0.000000,0.000000,0.000000,0.000000,0.000000,0.000000,0.000000,0.000000,0.000000,0.000000,0.000000,0.000000,0.000000,0.000000,0.000000,0.000000,0.000000,0.000000,0.000000,0.000000,0.000000,0.000000,0.000000,0.000000,0.000000,0.000000,0.000000,0.000000,0.000000,0.000000,0.000000,0.000000,0.000000,0.000000,0.000000,0.000000,0.000000,0.000000,0.000000,0.000000,0.000000,0.000000,0.000000
0.000000,0.000000,0.000000,0.000000,0.000000,0.000000,0.000000,0.000000,0.000000,0.000000,0.000000,0.000000,0.000000,0.000000,0.000000,0.000000,0.000000,0.000000,0.000000,0.000000,0.000000,0.000000,0.000000,0.000000,0.000000,0.000000,0.000000,0.000000,0.000000,0.000000,0.000000,0.000000,0.000000,0.000000,0.000000,0.000000,0.000000,0.000000,0.000000,0.000000,0.000000,0.000000,0.000000,0.000000,0.000000,0.000000,0.000000,0.000000,0.000000,0.000000,0.000000,0.000000,0.000000,0.000000,0.000000,0.000000,0.000000,0.000000,0.000000,0.000000,0.000000,0.000000,0.000000,0.000000
0.000000,0.000000,0.000000,0.000000,0.000000,0.000000,0.000000,0.000000,0.000000,0.000000,0.000000,0.000000,0.000000,0.000000,0.000000,0.000000,0.000000,0.000000,0.000000,0.000000,0.000000,0.000000,0.000000,0.000000,0.000000,0.000000,0.000000,0.000000,0.000000,0.000000,0.000000,0.000000,0.000000,0.000000,0.000000,0.000000,0.000000,0.000000,0.000000,0.000000,0.000000,0.000000,0.000000,0.000000,0.000000,0.000000,0.000000,0.000000,0.000000,0.000000,0.000000,0.000000,0.000000,0.000000,0.000000,0.000000,0.000000,0.000000,0.000000,0.000000,0.000000,0.000000,0.000000,0.000000
0.000000,0.000000,0.000000,0.000000,0.000000,0.000000,0.000000,0.000000,0.000000,0.000000,0.000000,0.000000,0.000000,0.000000,0.000000,0.000000,0.000000,0.000000,0.000000,0.000000,0.000000,0.000000,0.000000,0.000000,0.000000,0.000000,0.000000,0.000000,0.000000,0.000000,0.000000,0.000000,0.000000,0.000000,0.000000,0.000000,0.000000,0.000000,0.000000,0.000000,0.000000,0.000000,0.000000,0.000000,0.000000,0.000000,0.000000,0.000000,0.000000,0.000000,0.000000,0.000000,0.000000,0.000000,0.000000,0.000000,0.000000,0.000000,0.000000,0.000000,0.000000,0.000000,0.000000,0.000000
0.000000,0.000000,0.000000,0.000000,0.000000,0.000000,0.000000,0.000000,0.000000,0.000000,0.000000,0.000000,0.000000,0.000000,0.000000,0.000000,0.000000,0.000000,0.000000,0.000000,0.000000,0.000000,0.000000,0.000000,0.000000,0.000000,0.000000,0.000000,0.000000,0.000000,0.000000,0.000000,0.000000,0.000000,0.000000,0.000000,0.000000,0.000000,0.000000,0.000000,0.000000,0.000000,0.000000,0.000000,0.000000,0.000000,0.000000,0.000000,0.000000,0.000000,0.000000,0.000000,0.000000,0.000000,0.000000,0.000000,0.000000,0.000000,0.000000,0.000000,0.000000,0.000000,0.000000,0.000000
0.000000,0.000000,0.000000,0.000000,0.000000,0.000000,0.000000,0.000000,0.000000,0.000000,0.000000,0.000000,0.000000,0.000000,0.000000,0.000000,0.000000,0.000000,0.000000,0.000000,0.000000,0.000000,0.000000,0.000000,0.000000,0.000000,0.000000,0.000000,0.000000,0.000000,0.000000,0.000000,0.000000,0.000000,0.000000,0.000000,0.000000,0.000000,0.000000,0.000000,0.000000,0.000000,0.000000,0.000000,0.000000,0.000000,0.000000,0.000000,0.000000,0.000000,0.000000,0.000000,0.000000,0.000000,0.000000,0.000000,0.000000,0.000000,0.000000,0.000000,0.000000,0.000000,0.000000,0.000000
0.000000,0.000000,0.000000,0.000000,0.000000,0.000000,0.000000,0.000000,0.000000,0.000000,0.000000,0.000000,0.000000,0.000000,0.000000,0.000000,0.000000,0.000000,0.000000,0.000000,0.000000,0.000000,0.000000,0.000000,0.000000,0.000000,0.000000,0.000000,0.000000,0.000000,0.000000,0.000000,0.000000,0.000000,0.000000,0.000000,0.000000,0.000000,0.000000,0.000000,0.000000,0.000000,0.000000,0.000000,0.000000,0.000000,0.000000,0.000000,0.000000,0.000000,0.000000,0.000000,0.000000,0.000000,0.000000,0.000000,0.000000,0.000000,0.000000,0.000000,0.000000,0.000000,0.000000,0.000000
0.000000,0.000000,0.000000,0.000000,0.000000,0.000000,0.000000,0.000000,0.000000,0.000000,0.000000,0.000000,0.000000,0.000000,0.000000,0.000000,0.000000,0.000000,0.000000,0.000000,0.000000,0.000000,0.000000,0.000000,0.000000,0.000000,0.000000,0.000000,0.000000,0.000000,0.000000,0.000000,0.000000,0.000000,0.000000,0.000000,0.000000,0.000000,0.000000,0.000000,0.000000,0.000000,0.000000,0.000000,0.000000,0.000000,0.000000,0.000000,0.000000,0.000000,0.000000,0.000000,0.000000,0.000000,0.000000,0.000000,0.000000,0.000000,0.000000,0.000000,0.000000,0.000000,0.000000,0.000000
0.000000,0.000000,0.000000,0.000000,0.000000,0.000000,0.000000,0.000000,0.000000,0.000000,0.000000,0.000000,0.000000,0.000000,0.000000,0.000000,0.000000,0.000000,0.000000,0.000000,0.000000,0.000000,0.000000,0.000000,0.000000,0.000000,0.000000,0.000000,0.000000,0.000000,0.000000,0.000000,0.000000,0.000000,0.000000,0.000000,0.000000,0.000000,0.000000,0.000000,0.000000,0.000000,0.000000,0.000000,0.000000,0.000000,0.000000,0.000000,0.000000,0.000000,0.000000,0.000000,0.000000,0.000000,0.000000,0.000000,0.000000,0.000000,0.000000,0.000000,0.000000,0.000000,0.000000,0.000000
0.000000,0.000000,0.000000,0.000000,0.000000,0.000000,0.000000,0.000000,0.000000,0.000000,0.000000,0.000000,0.000000,0.000000,0.000000,0.000000,0.000000,0.000000,0.000000,0.000000,0.000000,0.000000,0.000000,0.000000,0.000000,0.000000,0.000000,0.000000,0.000000,0.000000,0.000000,0.000000,0.000000,0.000000,0.000000,0.000000,0.000000,0.000000,0.000000,0.000000,0.000000,0.000000,0.000000,0.000000,0.000000,0.000000,0.000000,0.000000,0.000000,0.000000,0.000000,0.000000,0.000000,0.000000,0.000000,0.000000,0.000000,0.000000,0.000000,0.000000,0.000000,0.000000,0.000000,0.000000
0.000000,0.000000,0.000000,0.000000,0.000000,0.000000,0.000000,0.000000,0.000000,0.000000,0.000000,0.000000,0.000000,0.000000,0.000000,0.000000,0.000000,0.000000,0.000000,0.000000,0.000000,0.000000,0.000000,0.000000,0.000000,0.000000,0.000000,0.000000,0.000000,0.000000,0.000000,0.000000,0.000000,0.000000,0.000000,0.000000,0.000000,0.000000,0.000000,0.000000,0.000000,0.000000,0.000000,0.000000,0.000000,0.000000,0.000000,0.000000,0.000000,0.000000,0.000000,0.000000,0.000000,0.000000,0.000000,0.000000,0.000000,0.000000,0.000000,0.000000,0.000000,0.000000,0.000000,0.000000
0.000000,0.000000,0.000000,0.000000,0.000000,0.000000,0.000000,0.000000,0.000000,0.000000,0.000000,0.000000,0.000000,0.000000,0.000000,0.000000,0.000000,0.000000,0.000000,0.000000,0.000000,0.000000,0.000000,0.000000,0.000000,0.000000,0.000000,0.000000,0.000000,0.000000,0.000000,0.000000,0.000000,0.000000,0.000000,0.000000,0.000000,0.000000,0.000000,0.000000,0.000000,0.000000,0.000000,0.000000,0.000000,0.000000,0.000000,0.000000,0.000000,0.000000,0.000000,0.000000,0.000000,0.000000,0.000000,0.000000,0.000000,0.000000,0.000000,0.000000,0.000000,0.000000,0.000000,0.000000
0.000000,0.000000,0.000000,0.000000,0.000000,0.000000,0.000000,0.000000,0.000000,0.000000,0.000000,0.000000,0.000000,0.000000,0.000000,0.000000,0.000000,0.000000,0.000000,0.000000,0.000000,0.000000,0.000000,0.000000,0.000000,0.000000,0.000000,0.000000,0.000000,0.000000,0.000000,0.000000,0.000000,0.000000,0.000000,0.000000,0.000000,0.000000,0.000000,0.000000,0.000000,0.000000,0.000000,0.000000,0.000000,0.000000,0.000000,0.000000,0.000000,0.000000,0.000000,0.000000,0.000000,0.000000,0.000000,0.000000,0.000000,0.000000,0.000000,0.000000,0.000000,0.000000,0.000000,0.000000
9.650973,0.000000,0.000000,0.000000,0.000000,0.000000,0.000000,0.000000,3.574434,0.000000,268.082573,425.357683,389.613340,518.292975,525.441843,673.780867,795.847799,788.520208,800.315842,790.486147,757.065186,789.056374,755.814134,744.912110,677.534023,675.568084,894.859629,779.226679,776.367132,773.865028,909.157366,986.543869,1231.750063,1267.851849,1502.692183,1748.434542,1850.663363,1836.008182,1913.930850,1898.918226,1980.594050,1954.679401,1801.336170,2001.325769,1874.433351,1926.441370,1989.172692,1961.470827,1941.990160,1711.081703,1540.938630,1238.720209,1203.690753,1066.253754,834.272968,684.325448,799.243511,696.121081,822.656056,736.869633,772.435254,665.023503,758.494960,694.512586
0.000000,0.000000,0.000000,0.000000,0.000000,0.000000,0.000000,0.000000,0.000000,0.000000,550.462883,1040.160384,925.778486,961.522829,1111.649070,1340.770309,1581.151016,1560.061854,1516.453755,1631.014375,1581.508460,1491.253993,1508.411278,1459.798971,1611.176264,1484.820012,1585.797781,1583.116955,1616.895359,1707.685991,1880.688611,2291.927278,2728.901873,3067.400801,3453.797150,4316.844314,4615.488300,4879.817717,4782.235661,4563.659003,4652.126252,4760.967777,4719.146895,4906.089810,4923.068373,4859.800885,5005.637805,4671.964362,4806.541814,4256.615096,3607.497825,3027.367137,2892.074799,2302.650581,1867.999369,1711.975312,1506.802783,1526.819615,1414.939821,1528.070667,1464.445736,1537.542918,1716.085911,1467.305283
0.000000,0.000000,0.000000,0.000000,0.000000,0.000000,0.000000,0.000000,0.000000,0.000000,532.590712,954.373960,1130.236128,1252.303060,1127.555302,1621.720846,1580.436129,1673.728865,1506.981504,1430.131167,1548.981107,1462.658519,1553.449150,1485.534898,1254.268999,1597.235971,1312.889721,1758.800401,1611.712430,1639.950461,1930.194526,2357.696870,2775.726962,3001.095045,3584.085281,4323.814461,4796.175955,4700.202393,4849.971191,4882.319821,4861.766824,4779.912278,4837.281949,4755.248682,4834.601123,4935.400171,4838.890445,4785.988817,4702.347054,4101.484647,3582.119342,3166.055188,2842.568884,2452.061935,1859.063284,1607.244387,1673.728865,1618.682576,1586.691389,1426.199289,1526.462171,1551.304490,1621.005959,1627.797384
0.000000,0.000000,0.000000,0.000000,0.000000,0.000000,0.000000,0.000000,0.000000,0.000000,500.420803,918.629617,1177.239939,1698.035018,1732.170866,2076.925055,2396.300760,2207.034464,1971.479243,2086.754749,2000.789604,1775.242799,1858.884562,1584.725450,1653.890754,1688.920211,1615.286864,1550.589603,1484.641290,1614.750699,1832.791191,2323.918465,2841.317831,3048.098856,3527.609219,4270.197946,4590.288538,4726.831929,4892.864403,4732.729746,4870.524188,4972.038123,4674.109023,5026.905689,4723.614938,4749.887030,4917.349278,4836.030897,4832.099019,4459.464243,3766.738874,2990.371742,2796.279959,2298.539982,1954.321958,1637.090913,1551.304490,1522.172850,1443.892739,1689.635097,1580.614851,1667.116161,1854.416519,1938.594447
0.000000,0.000000,0.000000,0.000000,0.000000,0.000000,0.000000,0.000000,0.000000,0.000000,489.697500,997.267172,1162.406037,1755.404689,1654.963085,2127.860744,2276.021046,2343.756576,2187.553797,2182.370867,2254.931883,2080.499489,2246.531963,2150.915845,2261.365865,2061.197544,2009.546968,2086.933471,1904.279878,2082.286706,2131.613900,2597.005247,2999.486550,3266.675514,3717.232959,4420.324187,4716.644791,4830.490524,5021.544038,4697.700289,5029.765237,4927.536415,4786.524982,4982.582704,4668.389928,4692.338638,4832.635185,4863.911485,5041.382148,4581.531174,3844.840263,3119.230099,2926.210646,2634.894250,2157.349827,2022.593653,2045.827476,2159.315766,2136.796829,2110.167294,2141.264872,2184.515527,2170.575234,2176.115607
0.000000,0.000000,0.000000,0.000000,0.000000,0.000000,0.000000,0.000000,0.000000,0.000000,614.802701,1336.838431,1448.896947,2141.979759,2192.200561,2456.708700,2620.239070,2489.057330,2783.948161,2579.490518,2675.884076,2797.495267,2601.294568,2880.895755,2756.130126,2681.701467,2717.883679,2778.336299,2662.587180,2736.738820,3184.517142,3547.992430,3983.930439,4449.741781,4904.945991,5549.166286,5963.738113,5696.021919,5477.186115,5587.671880,5554.176302,5429.628267,5630.922535,5458.885011,5619.314559,5596.965409,5504.128414,5619.645194,5826.354730,5607.277652,4859.291528,4316.245596,3898.278056,3739.019136,3089.124426,2951.187006,2872.495835,2659.271892,2713.773079,2763.100273,2560.626441,2769.730848,2685.374199,2577.327986
0.000000,0.000000,0.000000,0.000000,0.000000,0.000000,0.000000,0.000000,0.000000,0.000000,802.817946,1528.964275,1562.563958,2163.068922,1941.453994,2653.481309,2834.526406,2760.178173,2749.454870,2745.344270,2909.053362,2925.853203,2770.007867,2777.335457,2735.693298,2766.612154,2880.279165,2741.573242,2612.974032,2980.408007,3108.730198,3465.181723,3989.256346,4184.197057,4749.413418,5280.297337,5796.526076,5353.117500,5300.376722,5398.807707,5631.145937,5274.774836,5317.391029,5361.535293,5281.789664,5386.034913,5395.394122,5379.487889,5590.397386,5457.732256,4821.384653,4350.586974,4157.013484,3367.778389,3211.137741,2992.757677,2731.028661,2680.110844,2876.347288,2768.041928,2891.359912,2596.111638,2650.085596,2845.964596
0.000000,0.000000,0.000000,0.000000,0.000000,0.000000,0.000000,0.000000,0.000000,0.000000,724.895278,1457.833033,1666.043831,2096.763165,2288.174122,2788.773647,2886.713147,2952.840182,2852.934743,2806.645819,2716.033909,3041.307431,2723.897664,2735.335854,2659.021682,2803.607550,2672.068367,2756.246295,2711.029701,2874.023905,3016.465113,3526.715610,4216.581432,4236.776985,4898.762219,5335.915535,5198.299814,5371.123713,5454.408032,5356.111089,5563.785722,5075.696717,5182.393582,5243.337687,5210.631613,5406.153169,5320.188024,5663.333718,5282.120299,5352.536655,4753.640186,4252.861940,3901.495047,3488.826606,3171.416840,2891.002468,2700.306398,2600.400959,2868.126089,2910.840579,2795.565072,2896.364120,2729.616759,2700.663841
0.000000,0.000000,0.000000,0.000000,0.000000,0.000000,0.000000,0.000000,0.000000,0.000000,658.768243,1514.845260,1508.232556,1924.654153,2186.481466,2665.893532,2753.029304,2922.457490,2796.637403,2955.163564,2639.541015,2864.194211,2762.501555,2652.230257,2798.067176,2901.368328,2705.131884,2829.700920,2825.769042,2855.436847,3119.587542,3444.682343,4181.194532,4227.126013,4581.173731,4760.789055,5345.745229,5242.086635,5461.199458,5376.306643,5289.269167,5629.912757,5325.013510,5477.105690,5306.783895,5179.891478,5281.047968,5303.209461,5292.307437,5030.301402,4411.388101,4373.856541,4255.542765,3394.640262,3198.403819,2775.190797,2708.527597,2578.954353,2835.420015,2766.075989,2840.424223,2682.791670,2920.134108,2640.077180
0.000000,0.000000,0.000000,0.000000,0.000000,0.000000,0.000000,0.000000,0.000000,0.000000,737.763241,1532.181266,1533.968483,2020.448993,2285.493297,2670.996037,2719.608343,2822.909495,2817.011678,2874.202627,2741.591114,2781.624779,2840.602945,2792.526803,2795.922516,2988.048360,2807.181984,2868.662254,2906.193814,3084.379364,2989.299412,3429.312275,3949.035024,4026.242805,4157.424544,5233.865436,5634.738243,5225.644237,5462.629231,5269.788500,5499.982070,5273.184213,5299.098862,5418.306246,5333.234709,5243.337687,5262.282188,5160.053367,5034.948166,4977.578496,4087.544353,4066.097747,3929.375635,3447.005725,3098.140937,2901.368328,2993.767455,2871.343080,2815.045739,2736.050741,2742.127279,2646.332440,2923.708542,2929.963802
0.000000,0.000000,0.000000,0.000000,0.000000,0.000000,0.000000,0.000000,0.000000,0.000000,738.835571,1606.172056,1477.849865,1940.917829,2217.579045,2586.442793,2664.562055,3008.958801,2900.117276,2637.575076,3010.388574,2691.191591,2905.478927,2741.591114,2739.625175,2690.119260,2749.812313,2767.327041,2738.195402,2946.048757,3102.072814,3641.991117,3645.029386,3683.097111,4152.241614,4940.225657,5316.792312,5315.005094,5192.044554,5044.420417,5367.728000,5250.486555,5251.022720,5511.777703,5611.683142,5085.168968,5190.793502,5642.423277,5293.201045,4775.622957,4192.096557,3855.921010,3894.882344,3651.284646,3004.669479,2849.181587,2719.787065,2776.084405,2880.100444,2744.986827,2865.981428,2740.697506,2714.961579,2739.982619
0.000000,0.000000,0.000000,0.000000,0.000000,0.000000,0.000000,0.000000,0.000000,0.000000,748.486544,1574.002148,1526.640893,1787.932041,2064.414535,2690.655425,2758.390956,2651.872813,2715.676466,2763.037720,2805.037323,2944.261540,2777.514179,2494.776425,2859.011281,2940.508384,2642.043119,2719.250900,2928.712750,2895.470511,3259.526646,3262.922358,3368.904335,3579.438516,4294.325378,4786.524982,5414.910533,5492.475758,5484.433281,5425.991280,5373.983260,5341.813352,5477.463134,5103.577305,5436.357139,5467.097274,5415.625420,5134.853605,5457.267580,4751.674247,4060.021209,3534.043200,3299.381588,3324.581350,3234.684327,2960.167772,2754.816521,2821.300999,2745.701714,2947.835974,2771.080197,2835.420015,2802.892663,2703.523389
0.000000,0.000000,0.000000,0.000000,0.000000,0.000000,0.000000,0.000000,0.000000,0.000000,662.521399,1609.031604,1620.648515,1639.771739,2386.292344,2590.910836,2706.740380,2765.182381,2832.739189,2714.425414,2851.326248,2655.447247,2728.365707,2746.416601,2710.136092,2705.489328,2576.630971,2970.891075,2714.067970,2835.598737,2670.102428,2810.935140,3266.675514,3684.169441,3856.457175,4804.575875,5344.315456,5346.102673,5483.003507,5369.515218,5367.728000,5216.171986,5279.975638,5521.964841,5182.751025,5613.291637,5173.100052,5417.770081,5320.188024,5097.143323,4174.939272,3521.890124,3335.840818,2736.408185,2681.719340,2908.695918,2841.317831,2779.301396,2860.619777,2653.481309,2793.599133,2768.220650,2563.226842,2697.446851
0.000000,0.000000,0.000000,0.000000,0.000000,0.000000,0.000000,0.000000,0.000000,0.000000,712.742201,1486.607229,1542.368404,1573.823426,2133.043673,2786.253671,2959.810329,2879.921722,2740.340062,2838.100841,2723.004056,2722.289169,2726.221047,2632.034703,2647.583492,2766.254711,2782.160944,2572.877815,2763.573885,2787.343873,2661.523786,2960.346494,3362.291632,3449.150386,3949.213745,5117.160155,5423.667897,5054.964998,5259.780084,5444.578338,5469.241935,5452.084650,5608.466151,5194.367937,5343.421847,5218.852812,5295.166984,5397.753249,5184.002077,4640.866784,3967.443360,3583.549116,3377.840421,3022.720373,2471.185159,2623.992226,2712.995640,2848.109257,2592.894647,2732.476307,2789.309812,2861.155942,2796.101237,2956.057173
0.000000,0.000000,0.000000,0.000000,0.000000,0.000000,0.000000,0.000000,0.000000,0.000000,743.303614,1529.142997,1562.385236,1578.827634,2145.375472,2677.412146,2611.660427,2697.268129,2786.807708,2803.250106,2789.131091,2766.254711,2764.110050,2722.110447,2780.195005,2829.700920,2767.684485,2861.155942,2543.924897,2322.488692,2438.479085,2703.880832,3326.368567,3620.901954,3828.040422,4956.489333,5033.697114,5577.904738,5252.095051,5266.214066,5354.860037,5501.948009,5467.275996,5460.305849,5536.977465,5371.838600,5316.792312,5216.886873,5463.701562,4801.180163,4095.586830,3587.302272,3295.449710,2941.401992,2357.339426,2211.323785,2409.883611,2719.072178,2659.379125,2843.105049,2766.969598,2726.757212,2739.267732,2829.700920
0.000000,0.000000,0.000000,0.000000,0.000000,0.000000,0.000000,0.000000,0.000000,0.000000,733.295198,1620.827237,1417.084481,1530.215327,2112.669398,2760.794763,2810.398975,2804.858602,2615.413583,2906.551258,2863.836768,2861.692107,2955.699729,2527.482499,2994.303620,2788.952369,2612.196592,2430.972773,2174.864555,2254.038275,2353.228827,2778.943953,3395.176428,3663.437722,4209.611285,4911.987626,5350.928159,5337.702752,5411.157377,5310.894495,5384.349120,5266.392788,5189.542450,5166.666071,5276.579926,5514.637251,5326.622006,5280.869247,5414.016925,4713.427800,4200.675199,3695.250188,3453.797150,2713.353083,2422.572852,2234.915051,2185.766579,2489.593496,2780.731170,2656.698299,2819.513782,2902.083215,2855.615569,2818.084008
0.000000,0.000000,0.000000,0.000000,0.000000,0.000000,0.000000,0.000000,0.000000,0.000000,662.700121,1468.020170,1654.426919,1456.939424,2055.657171,2681.978486,2790.739586,2963.206041,2590.571265,2833.454076,2824.875434,2840.245501,2725.327438,2734.799689,2755.173965,2666.170550,2500.852964,2310.335615,1961.649548,2137.869160,2633.285755,2775.726962,3394.997706,3659.505845,4055.910609,5017.075995,5123.236694,5219.925142,5411.693542,5384.706563,5307.856226,5276.401204,5303.566905,5457.267580,5558.960236,5276.043760,5176.853208,5382.740625,5209.380561,4854.439234,4135.441773,3726.347766,3537.617635,2785.020491,2387.007231,2152.166897,2049.580632,2158.600879,2653.481309,2902.619380,2981.971822,2789.131091,2763.752607,2827.020094
0.000000,0.000000,0.000000,0.000000,0.000000,0.000000,0.000000,0.000000,0.000000,0.000000,750.988648,1530.572771,1550.232159,1666.222553,2124.465031,2580.929228,2779.739264,2739.803897,2731.046533,2816.475513,2759.463286,2852.756021,2879.028113,2807.360706,2619.702904,2458.495917,2172.183729,2212.217393,2140.549985,2085.503697,2368.777616,2899.402389,3452.546098,3549.770711,4262.512912,4918.421608,5215.814542,5283.550072,5351.464324,5328.587945,5191.865832,5215.278377,5505.343721,5329.660275,5369.515218,5400.434074,5350.570716,5604.712995,5222.248524,4844.609539,4235.883377,3544.051616,3563.889727,2860.262333,2486.733948,2131.077734,2061.376265,2092.295122,2060.840100,2383.611518,2707.812710,2801.462889,2880.994052,2688.510765
0.000000,0.000000,0.000000,0.000000,0.000000,0.000000,0.000000,0.000000,0.000000,0.000000,640.538628,1489.645498,1481.781742,1568.283053,2072.814455,2796.235279,2884.094874,2847.930535,2946.227478,2758.748399,2675.106636,2858.475116,2762.680277,2808.611758,2443.483293,2079.605880,2020.627714,2042.074320,2042.253042,2380.573249,2445.985397,2869.555863,3345.849234,3552.094094,3852.704019,4992.769842,5422.238124,5211.882665,5398.825579,5184.716964,5508.560712,5537.156187,5327.515614,5491.582149,5121.985642,5301.958409,5527.326492,5342.170795,5659.580562,4882.855987,4008.013190,3472.384209,3457.014141,2796.816124,2423.109017,2336.428985,1998.466222,2133.758560,2055.121005,2053.155067,2577.524580,2747.846374,2745.522992,2672.604532
0.000000,0.000000,0.000000,0.000000,0.000000,0.000000,0.000000,0.000000,0.000000,0.000000,727.218660,1639.593017,1695.354192,1701.609452,1976.483451,2840.754858,2908.302730,3030.941572,2804.322436,2842.568884,2980.720770,2930.499967,2826.305207,2602.009455,2282.991193,2084.967532,2259.399926,2066.201752,2131.256456,2437.942920,2634.000642,3009.137522,3618.042407,3671.480200,4111.493063,4955.774446,5159.517202,5582.194059,5571.113313,5545.019942,5420.629628,5457.088858,5325.370954,5405.080839,5310.358330,5630.627644,5609.895925,5642.959442,5490.867262,4907.698305,4142.769363,3675.054634,3530.826210,3124.949194,2516.580475,2535.346255,2324.633352,2232.234225,2258.327596,2223.298140,2272.267890,2644.009058,2756.961182,2916.023509
0.000000,0.000000,0.000000,0.000000,0.000000,0.000000,0.000000,0.000000,0.000000,0.000000,950.978248,1880.867333,1827.608262,1819.744506,2356.981983,3175.563184,3145.806018,3193.220889,3249.696951,2995.733394,3255.952211,3029.690520,2855.615569,2416.138871,2365.560625,2328.386508,2489.236052,2381.288136,2322.488692,2445.270510,2818.262730,3296.164597,3742.611442,3906.141812,4417.643361,5062.828754,5882.446541,5623.121332,5598.636457,5669.588978,5832.404461,5578.798346,5830.617243,5808.813194,5471.386595,5631.342531,5920.692988,5570.755869,5681.920776,5158.087428,4342.222797,4046.617080,3743.862494,3400.359357,2785.556656,2562.154512,2523.550622,2572.877815,2511.933710,2296.752765,2361.092582,2573.592702,2815.939348,3133.885280
0.000000,0.000000,0.000000,0.000000,0.000000,0.000000,0.000000,0.000000,0.000000,0.000000,1011.922353,2279.952923,2207.749350,2379.500919,2631.498538,3580.877226,3426.077412,3413.942208,3560.672736,3789.257810,3447.720612,3286.156181,2872.772853,2757.139904,2802.356498,2825.232877,2857.760229,2921.385160,2860.083612,2788.416204,2986.261143,3660.042010,4180.658367,4299.508307,4916.634391,5593.810970,6156.963096,6345.157062,6125.865517,5929.986517,6225.234791,6287.966113,6166.792790,6232.919825,6415.394696,5984.854084,6099.950868,5835.085286,6280.638523,5677.274012,4651.053922,4212.470832,3930.626687,3708.833038,3216.275990,2905.300206,2862.228272,2774.833353,2616.307192,2911.019301,2884.211043,3056.677499,2795.922516,3192.684724
0.000000,0.000000,0.000000,0.000000,0.000000,0.000000,0.000000,0.000000,0.000000,0.000000,1189.750459,2843.462492,2877.240896,2955.878451,3016.465113,4080.547398,4038.681836,4022.668370,4041.255429,3916.507671,3811.776746,3211.093061,3398.214697,3310.104891,3425.737841,3371.406439,3319.398420,3457.729028,3494.545701,3507.949830,3849.308306,4072.353007,4445.881392,4845.324426,5422.953011,6298.868138,6552.831695,6652.379691,6483.666391,6591.971751,6661.137055,6683.298548,6511.189536,6616.814069,6631.290528,6684.013434,6597.333402,6628.252259,6689.017642,6066.529908,5396.144753,5031.373732,4633.896637,4430.868768,3716.518072,3372.300048,3350.495999,3279.900921,3450.043994,3226.641850,3234.684327,3487.039389,3328.513228,3386.955229
0.000000,0.000000,0.000000,0.000000,0.000000,0.000000,0.000000,0.000000,0.000000,0.000000,1202.082258,3029.511798,3136.744827,3041.843596,3144.429861,4333.653091,4190.193170,4334.895207,4199.602869,4095.944274,3649.318707,3562.281231,3426.810171,3727.241375,3636.808187,3737.249791,3480.426686,3597.310688,3584.085281,3552.630259,3923.835262,4403.524346,5054.071390,5180.963808,5325.013510,6553.010417,6794.642176,6605.018436,6926.360080,6855.228838,6714.932291,6687.409147,6799.825106,6656.669012,6670.609306,6988.197794,6687.230425,7114.554047,6770.693466,6300.297911,5601.138561,5069.798901,4785.273930,4176.547767,3759.947449,3690.067258,3714.015968,3670.765313,3530.111323,3784.968489,3550.128155,3567.464161,3537.438913,3594.272418
0.000000,0.000000,0.000000,0.000000,0.000000,0.000000,0.000000,0.000000,0.000000,0.000000,1347.740456,3489.362772,3412.333712,3612.144590,3847.699811,4926.839401,4753.014660,4809.937527,4560.263290,4135.263051,3999.434547,4157.067100,4309.159280,4171.543559,4051.978732,4279.848919,4080.752928,4152.420336,3996.932443,4179.049871,4613.701083,4886.787864,5337.345309,5537.513630,6148.741897,6932.615341,7113.839160,7567.434874,7435.538248,7212.672269,7371.019708,7180.144916,7626.591761,7526.328879,7179.966195,7556.354127,7279.514190,7532.226696,7325.803114,6893.832728,5947.322524,5535.726413,5254.060989,5038.343879,4437.302750,4313.269880,4063.059478,4196.028434,4095.229387,4105.059081,4150.990562,4228.734508,4172.973333,4078.608267
0.000000,0.000000,0.000000,0.000000,0.000000,0.000000,0.000000,0.000000,0.000000,0.000000,1670.690596,4450.885600,4260.725695,4466.791833,4384.043679,5424.659803,5636.891840,5474.424865,4757.929507,4823.520377,4969.714740,4921.102434,4747.206205,4795.461068,4771.333636,4975.612557,4960.421211,4844.966983,4714.857574,5010.999457,5146.649238,5410.085047,5846.344754,6289.932052,6834.139675,7543.664885,8181.522688,8201.539520,7836.053612,8281.428127,8124.867904,8233.173264,8055.881322,8122.365800,8153.284657,8327.359608,8352.380648,7852.138566,7935.422886,7663.229713,6806.437809,6170.724668,6288.859722,5769.315695,5231.899497,5050.675677,4693.232247,4969.714740,4774.193184,4896.975002,4896.081393,4924.140703,5036.914105,4980.438043
0.000000,0.000000,0.000000,0.000000,0.000000,0.000000,0.000000,0.000000,0.000000,0.000000,1921.973327,4967.748801,4732.372302,4909.485522,4877.851779,5890.605187,5615.775869,5275.507595,5333.234709,5395.072423,5216.350708,5248.699338,5689.784532,5183.823355,5214.027325,5153.798107,5224.035741,5209.201839,5089.100846,5484.433281,5504.450113,5882.089097,6779.629552,6872.743566,7347.785885,8212.441545,8403.137615,8455.324356,8289.113160,8386.695217,8387.588826,8397.775963,8395.631303,8503.400497,8379.903792,8900.341427,8741.457822,8628.684420,8432.269254,8007.447737,7042.886639,6797.323002,6544.610496,6234.170877,5679.776116,5441.182625,5516.245746,5220.103864,5297.490366,5200.623197,5699.078061,5195.440267,5186.325459,5192.401998
0.000000,0.000000,0.000000,0.000000,0.000000,0.000000,0.000000,0.000000,0.000000,0.000000,1872.824856,4901.085602,4907.340862,4953.272342,4626.926490,5824.397728,5336.237234,5232.435662,5458.161188,5480.501403,5300.707357,5320.009302,5348.426055,5434.748644,5370.587548,5309.643443,5274.971430,5382.025738,5537.513630,5477.463134,5544.662499,6020.777149,6730.659802,6751.748965,7454.125306,7945.073858,8683.551986,8722.155877,8260.696408,8442.635114,8760.044881,8597.944285,8590.437973,8588.829477,8565.774376,8555.408516,8711.253852,8377.401688,8633.867349,8250.509270,7495.410022,6718.149282,6832.709902,6119.788979,5916.939832,5249.235503,5291.771271,5375.949199,5291.413828,5687.282428,5345.923951,5241.550469,5163.091636,5168.632009
0.000000,0.000000,0.000000,0.000000,0.000000,0.000000,0.000000,0.000000,0.000000,0.000000,1881.582220,4738.091397,4767.401758,5005.816527,4806.005649,5708.657545,5425.337693,5279.439473,5304.639235,5166.487349,5351.285603,5244.052573,5541.624230,5192.401998,5555.743245,5337.524031,5138.070596,5294.094654,5162.734193,5521.786119,5470.314265,6018.632488,6690.804860,6936.189775,7278.799303,8100.740472,8485.349604,8686.590256,8463.188111,8839.754766,8592.225190,8866.563023,8233.709429,8565.595654,8778.274496,8796.325389,8773.449009,8351.665761,8564.165880,8056.953652,7296.671475,6756.574451,6648.626535,6329.786994,5744.294655,5463.522840,5459.948406,5269.967222,5296.060593,5266.214066,5569.862261,5377.200251,5471.386595,5496.943801
0.000000,0.000000,0.000000,0.000000,0.000000,0.000000,0.000000,0.000000,0.000000,0.000000,1935.020013,4607.267101,4681.436613,4745.418987,4783.307991,5583.828110,5470.698517,5560.390010,5340.383578,5277.473534,5386.136337,5406.331891,5660.295449,5467.454718,5412.050986,5369.157774,5175.602156,5272.290604,5190.436059,5524.466945,5767.528478,6079.576593,6743.527766,7156.732372,7264.859009,8068.391842,8508.940870,8744.853535,8469.085928,8761.117211,8992.025667,8432.984141,8324.500060,8760.223602,8636.726897,8359.172073,8335.580806,8601.876162,8604.556988,8001.371199,7587.094262,6618.243843,6591.256864,6074.214941,5945.177863,5499.624626,5411.514821,5545.734829,5463.165396,5308.213669,5447.437886,5212.061386,5445.293225,5403.829787
0.000000,0.000000,0.000000,0.000000,0.000000,0.000000,0.000000,0.000000,0.000000,0.000000,1889.624697,4860.337050,4772.584688,4773.299575,4735.589293,5527.351536,5538.112348,5196.333875,5201.695527,5430.101879,5203.125301,5514.994694,5442.254956,5408.119108,5397.574527,5511.777703,5395.966031,5276.758647,5153.440664,5409.191438,5492.475758,6270.987550,6585.716491,6824.488703,7449.121098,8173.837654,8583.646547,8322.534121,8636.726897,8473.375249,8534.140632,8200.109746,8718.581443,8851.014234,8483.919830,8642.445992,8818.129438,8335.759528,8641.552383,8353.810421,7218.927529,6984.444638,6423.437173,6489.742930,5632.236139,5617.044793,5237.439870,5216.886873,5362.902514,5513.028755,5409.012717,5390.425658,5325.907119,5444.578338
0.000000,0.000000,0.000000,0.000000,0.000000,0.000000,0.000000,0.000000,0.000000,0.000000,1970.406912,5181.321251,5026.905689,4683.045109,4825.843759,5641.056056,5416.143713,5215.278377,5230.112280,5223.142133,5500.339513,5283.013907,5275.507595,5331.626214,5484.254559,5445.650668,5245.839791,5377.736417,5510.526651,5619.546897,5806.132368,6320.850909,6663.460437,6963.891641,7484.686719,8180.450357,8406.175884,8731.270684,8696.419950,8589.544364,8680.156274,8568.097758,8694.990176,8686.947699,8763.976758,8595.263459,8416.541744,8807.584857,8308.057662,8151.318718,7334.739200,6966.929910,6733.519350,6087.440348,5656.899736,5533.760474,5534.654083,5348.604777,5449.761268,5387.029946,5335.200648,5464.773892,5274.435265,5213.669882
0.000000,0.000000,0.000000,0.000000,0.000000,0.000000,0.000000,0.000000,0.000000,0.000000,1857.097345,4895.009063,4844.430818,4855.154121,5005.637805,5645.799865,5550.444146,5507.845825,5623.657497,5426.170001,5142.359917,5253.167381,5158.266150,5349.319664,5372.196043,5062.113867,5213.669882,5314.290208,5259.422641,5644.746659,5755.554123,6155.354600,6707.247257,6849.688465,7274.509982,8106.995732,8174.373819,8319.138409,8930.545397,8585.969930,8432.090533,8482.311335,8657.816059,8615.637734,8785.423364,8556.838290,8433.162863,8762.368263,8462.294503,8058.562148,7594.779296,6872.564844,6468.653767,6192.707439,5603.640665,5247.984451,5516.245746,5563.249557,5286.767063,5307.856226,5165.057575,5350.391994,5350.391994,5244.588739
0.000000,0.000000,0.000000,0.000000,0.000000,0.000000,0.000000,0.000000,0.000000,0.000000,1968.977139,4765.435820,4776.874009,4902.872819,4915.025895,5367.780364,5389.969918,5455.480363,5427.242332,5440.110295,5362.008906,5537.513630,5314.290208,5353.787707,5298.920140,5287.303229,5381.132129,5258.529032,5500.518235,5505.701165,5855.459562,6003.619864,6679.366670,6902.768814,7527.401209,7893.602004,8274.457980,8762.189541,8556.838290,8636.548175,8786.495694,8376.150636,8824.384698,8478.736900,8343.980727,8423.511890,8636.726897,8629.756750,8415.469413,8160.790969,7665.553095,7031.805893,6649.341422,6049.551345,5697.290844,5705.333321,5184.716964,5265.499179,5472.816369,5230.827166,5642.065834,5319.473137,5352.894098,5592.381197
0.000000,0.000000,0.000000,0.000000,0.000000,0.000000,0.000000,0.000000,0.000000,0.000000,1918.756337,4973.646618,4894.472898,4878.566665,4831.741576,5614.748219,5687.067962,5523.394615,5220.640029,5449.225103,5281.047968,5302.852018,5331.447492,5572.185643,5620.261784,5334.843205,5323.583737,5444.935782,5390.068215,5291.413828,5734.643682,6124.971909,6700.098389,6534.065915,7226.433841,7978.673541,8879.609708,8619.033447,8365.427333,8731.270684,8657.637338,8499.289898,8669.254249,8469.800815,8573.995575,8753.789620,8829.746350,8511.979140,8418.865126,7779.934993,7328.305218,6806.259088,6524.414943,6348.374053,5634.023356,5490.152376,5313.932764,5295.703149,5380.595964,5430.995488,5635.095687,5370.051383,5489.437489,5425.276393
0.000000,0.000000,0.000000,0.000000,0.000000,0.000000,0.000000,0.000000,0.000000,0.000000,1881.760941,4860.158329,4746.848761,4867.128476,4870.881632,5596.420307,5320.411426,5439.752852,5178.282982,5281.047968,5379.166190,5335.915535,5284.801125,5400.255353,5474.603586,5312.145547,5434.748644,5206.699735,5275.328874,5362.366349,5455.122919,6042.938641,6523.878777,6711.715300,7545.630824,8159.182473,8810.265683,8746.819474,8698.564610,8462.115781,8597.944285,8758.257663,8892.298950,8658.352224,8782.921260,8711.253852,8523.059886,8749.321578,8652.275686,8273.206928,7517.928958,6814.122843,6731.732132,6098.699816,5653.325302,5362.902514,5471.207874,5257.456702,5293.379767,5463.522840,5483.003507,5227.610176,5385.242729,5491.045984
0.000000,0.000000,0.000000,0.000000,0.000000,0.000000,0.000000,0.000000,0.000000,0.000000,1959.147444,4959.348881,4962.923315,4473.047093,4812.975796,5518.551256,5577.154107,5290.877663,5079.807317,5523.037171,5231.184610,5204.018909,5339.311248,5504.092669,5223.320854,5377.736417,5332.698544,5381.310851,5213.133717,5420.450906,5575.045190,6077.074489,6736.915062,6799.825106,7258.067584,8261.590016,8488.030430,8595.263459,8250.866713,9055.829320,8698.207167,8735.738727,8379.903792,8582.574217,8497.323959,8459.077512,8778.274496,8646.914035,8444.779775,8172.229159,7193.370323,6720.293943,6449.173100,5941.067263,5790.941023,5603.998108,5241.371748,5200.265753,5378.093860,5236.010096,5465.488779,5145.219465,5454.229311,5428.672105
0.000000,0.000000,0.000000,0.000000,0.000000,0.000000,0.000000,0.000000,0.000000,0.000000,1898.024618,4836.745784,4800.286554,5009.390961,4886.430421,5707.924786,5478.937588,5086.420020,5516.245746,5493.726810,5284.979846,5461.735623,5316.971033,5327.694336,5336.094257,5351.643046,5438.501800,5229.218671,5298.562697,5406.689334,5609.895925,6000.760316,6686.694260,6822.701486,7355.649641,8236.390254,8770.053297,8489.638925,8632.795019,8471.051867,8756.827890,8587.935869,8627.612089,8738.062110,8527.170485,8995.242658,8409.750318,8777.023444,8210.296884,8076.255597,7175.498152,6921.534594,6905.449640,6368.569607,5847.059641,5305.175400,5585.947215,5544.662499,5289.626611,5449.046381,5376.842808,5502.841617,5446.365555,5103.398583
0.000000,0.000000,0.000000,0.000000,0.000000,0.000000,0.000000,0.000000,0.000000,0.000000,1910.356416,4530.416764,4728.082981,4650.696478,4780.091000,5904.348887,5707.361812,5378.630025,5186.682903,5495.514027,5059.433041,5147.364125,5212.061386,5190.257337,5184.180799,5390.961823,5316.434868,5289.269167,5312.502990,5204.376353,5874.225342,6013.449558,6742.991600,6821.807877,7465.027331,8046.945236,8387.946269,8672.649962,8094.842656,8812.589065,8707.500696,8494.106968,8414.754526,8628.148255,8400.814233,8700.709271,8053.915383,8572.029636,8635.654567,7795.305061,7331.164766,6631.111807,6622.711886,5936.956664,5429.923157,5463.165396,5201.516805,5287.839394,5344.851621,5039.594931,5205.627405,5283.728794,5446.008112,5467.097274
0.000000,0.000000,0.000000,0.000000,0.000000,0.000000,0.000000,0.000000,0.000000,0.000000,1618.682576,4243.925854,4312.376271,4437.838915,4453.745148,5445.382586,5364.260799,5054.786277,4757.393342,4734.516963,4757.035899,4595.828912,4880.711326,4825.486316,5041.024705,4768.652810,4799.929111,5001.527206,4918.421608,5008.318631,5247.627008,5622.585167,6141.414306,6202.537133,6762.472267,7609.613198,8138.808198,8074.468380,8395.988746,8299.657742,7916.657106,8098.417090,7929.882512,7540.984060,8275.709032,7856.964053,7977.243767,8304.840671,7959.192874,7520.252341,7176.034317,6123.184691,6105.669963,5809.349359,5318.043364,4943.800092,4783.129269,4915.740782,4890.541020,4922.174764,4753.640186,4813.511961,4634.254080,4727.546816
0.000000,0.000000,0.000000,0.000000,0.000000,0.000000,0.000000,0.000000,0.000000,0.000000,1390.633668,3597.489409,3660.042010,3604.638278,3735.283852,5269.288080,4729.736157,4915.919504,4524.161504,4056.625496,4004.617477,4195.670991,4138.122598,4057.161661,4115.424941,3895.954674,4165.645743,4127.041852,4189.237009,4233.917438,4354.197152,4770.618749,5297.669088,5558.781514,6130.869725,6954.240668,7307.573499,7588.345314,7324.194619,7535.086243,7490.405814,7349.751824,7431.785092,7206.059565,7427.853214,7251.097437,7677.170007,7442.150951,7528.652261,6810.727131,6106.206129,5807.562142,5601.496004,4842.107435,4673.215414,4199.245425,4033.927838,4166.539351,4102.914421,3928.124583,4245.713071,3967.622082,4066.991356,4085.757136
0.000000,0.000000,0.000000,0.000000,0.000000,0.000000,0.000000,0.000000,0.000000,0.000000,1262.668919,3076.158166,3023.077816,3219.850425,3065.256141,4488.595882,4452.503032,4240.530141,4093.978335,3908.286472,3790.687584,3510.988099,3408.223113,3464.877897,3604.638278,3647.352768,3706.867099,3516.349751,3541.013347,3702.041613,4126.863130,4297.363647,4852.652017,4936.651223,5389.174606,6427.547773,6771.050910,6806.973975,6833.782232,6779.093387,7025.193189,6725.834316,7027.695293,6716.362065,6757.468059,6966.751188,6646.660596,6823.773816,6723.689655,6323.174291,5727.852257,5260.316249,5016.182386,4533.455033,3742.253999,3551.915372,3827.325535,3522.962454,3763.700605,3333.696157,3752.441137,3525.822001,3694.356579,3583.012950
0.000000,0.000000,0.000000,0.000000,0.000000,0.000000,0.000000,0.000000,0.000000,0.000000,1292.515446,2820.049947,2934.968010,2779.837561,3122.447090,4316.638784,4209.101928,4090.225179,3916.865115,4202.819859,3653.608028,3439.499413,3508.307273,3200.727201,3499.728631,3391.065828,3543.872895,3287.943398,3462.733236,3568.893935,3786.755706,4062.702035,4688.049317,4770.082584,5311.966825,6070.283064,6485.274887,6873.637174,6729.766194,6732.804463,6856.658611,6540.321175,6631.290528,6657.383899,6304.587233,6807.152696,6423.079730,6723.689655,6714.217404,6254.366431,5194.189215,4817.980004,4620.135065,4426.579447,3702.577778,3388.206281,3435.210092,3529.575158,3301.347527,3513.668925,3273.645661,3432.171823,3466.665114,3490.077658
0.000000,0.000000,0.000000,0.000000,0.000000,0.000000,0.000000,0.000000,0.000000,0.000000,1007.811753,2242.957528,2399.339029,2313.552606,2559.294965,3615.254348,3561.986341,3668.799374,3443.252569,3528.502827,3524.928393,3232.539667,2802.535219,2882.423826,2694.229860,2878.134505,2803.428828,2807.718149,2866.338872,3020.933155,3243.441691,3526.536888,4284.138240,4408.171110,4785.810095,5510.169208,5929.629074,6128.188899,5902.820816,6024.351583,6001.475203,6284.391679,6014.521888,6064.206525,6168.401285,6167.328955,6083.687192,6032.572782,6081.185088,5792.549518,4839.426610,4405.132841,4206.215572,3840.372221,3343.883295,2822.730773,2801.284167,2871.164358,2838.279562,2753.922913,2800.211837,2792.169360,2661.166342,3241.475752
0.000000,0.000000,0.000000,0.000000,0.000000,0.000000,0.000000,0.000000,0.000000,0.000000,880.204448,1912.858520,1766.127992,1905.352208,2161.460426,2886.579106,3062.441274,3213.059000,3128.523628,3152.651060,3032.550067,2931.572298,2818.262730,2455.278926,2338.931089,2445.627954,2439.551415,2456.351257,2437.942920,2647.762214,2839.173171,3138.174601,3581.404455,3919.009775,4516.119027,5197.048762,5628.482983,5827.757696,5815.425898,5751.264802,5825.434314,5489.794932,5840.446938,5954.650114,5932.667343,5681.205889,5520.713789,5727.852257,5926.412083,5256.205650,4356.163091,4271.985163,3713.658524,3250.948003,2743.914497,2580.384127,2394.513543,2395.407152,2435.619538,2438.121642,2424.896235,2588.784048,2793.777855,3089.204851
0.000000,0.000000,0.000000,0.000000,0.000000,0.000000,0.000000,0.000000,0.000000,0.000000,808.715762,1666.579996,1729.132597,1653.533311,2099.801434,2694.926874,2932.608884,2775.807387,2802.892663,2979.648439,2805.573488,2724.969995,2893.862016,2685.651217,2180.226206,2092.116401,2257.970152,2276.378489,2352.692662,2215.613106,2617.736966,3051.852012,3490.256380,3774.245186,4103.808029,4868.558249,5556.636854,5538.407239,5536.441300,5370.230104,5574.687747,5505.522443,5651.538085,5284.443681,5463.344118,5382.561903,5392.927762,5639.742451,5271.218274,4946.480917,4275.738319,3777.104733,3456.477976,3011.103461,2354.301157,2317.841927,2080.678211,2293.178330,2037.248834,2150.379680,2193.272891,2558.401356,2907.623588,3000.558880
0.000000,0.000000,0.000000,0.000000,0.000000,0.000000,0.000000,0.000000,0.000000,0.000000,722.035730,1598.844466,1476.777534,1510.913382,2057.980553,2770.007867,2787.066855,3039.162770,2629.353877,2914.236291,2934.074402,2616.664635,2859.904890,2872.236688,2519.261300,2215.970549,2194.166500,2033.853121,2119.103380,2214.540776,2275.306159,2786.450265,3434.137761,3650.212315,4178.156263,4701.632167,5525.717997,5259.780084,5454.408032,5302.673296,5486.756663,5202.231692,5125.202633,5228.325062,5181.499973,5465.131335,5616.151185,5249.056781,5075.696717,5064.258528,4153.135223,3554.774919,3330.657888,2946.584922,2416.853757,2270.838116,1988.279084,2009.725690,2129.111796,2242.600085,2573.056537,2803.250106,2581.992622,2718.893456
