0.000000,0.000000,0.000000,0.000000,0.000000,0.000000,0.000000,0.000000,0.000000,0.000000,261.291148,692.725369,668.419216,662.342677,835.524020,1049.266255,1017.516342,1079.121718,1051.777295,972.246132,981.897104,1082.159987,1108.968244,954.552682,1029.973246,914.519018,662.342677,786.911713,644.649227,656.802304,653.227870,720.069791,750.452483,619.806909,702.376342,738.299406,614.266536,713.993253,680.572292,741.873841,687.184996,665.380946,723.108061,645.721558,628.921717,698.801907,641.610958,659.304408,720.605957,625.883447,611.228267,710.954984,759.567290,675.568084,580.309410,638.572689,656.266139,540.811911,811.217866,984.935374,964.739820,996.552285,1113.078844,1091.810959
0.000000,0.000000,0.000000,0.000000,0.000000,0.000000,0.000000,0.000000,0.000000,0.000000,325.094800,674.495754,666.989442,681.108457,757.065186,1060.892103,976.347795,1014.326160,1088.459927,1075.547283,1005.667093,1045.700757,1152.040177,1043.198653,1011.743631,1018.356334,963.667489,747.414214,729.184599,766.179994,668.419216,634.998255,678.070188,698.801907,701.840176,753.490752,739.371737,695.763638,671.457485,790.486147,747.414214,644.113062,656.266139,677.534023,690.223265,689.687100,747.414214,713.993253,656.266139,717.031522,702.376342,678.070188,732.759033,617.304805,702.912507,662.342677,751.524813,763.141725,941.863440,1105.929975,1145.427474,981.897104,1020.858438,1124.695755
0.000000,0.000000,0.000000,0.000000,0.000000,0.000000,0.000000,0.000000,0.000000,0.000000,314.014054,784.409609,692.725369,786.911713,799.064790,929.710364,1094.313063,1092.114786,1257.923858,1121.809399,1125.231920,1163.657089,1075.547283,1234.073445,1084.662091,1054.279399,1240.149983,1021.394604,786.911713,786.911713,738.299406,759.567290,741.337675,784.409609,805.141328,735.261137,735.261137,768.682098,780.835175,823.370943,809.251927,875.021519,829.983646,695.763638,730.793094,811.217866,846.247322,718.103852,796.026520,797.098851,784.945774,747.414214,817.294405,796.562686,662.342677,692.725369,766.179994,999.590554,1121.121321,1075.547283,1094.313063,1084.662091,1051.777295,1130.772293
0.000000,0.000000,0.000000,0.000000,0.000000,0.000000,0.000000,0.000000,0.000000,0.000000,373.707107,823.370943,771.720367,884.136326,862.868442,842.136723,1231.035176,1328.259789,1220.472722,1312.773552,1257.083866,1160.618820,1218.345934,1136.312667,1215.307665,1136.848832,1391.527276,1198.150380,1154.542282,999.590554,842.136723,771.720367,918.093452,875.021519,875.021519,826.945377,908.442479,854.825965,875.557684,878.059788,836.060185,927.744425,900.400002,869.481145,860.366338,960.093055,969.207863,884.672491,808.179597,911.480749,890.212864,842.136723,835.524020,908.442479,823.907108,881.634222,1136.848832,1187.963242,1160.618820,1172.771896,1279.647482,1203.154588,1221.920368,1182.422869
0.000000,0.000000,0.000000,0.000000,0.000000,0.000000,0.000000,0.000000,0.000000,0.000000,440.549028,896.825568,1078.585552,1030.509411,990.475747,1021.394604,1221.384203,1382.412469,1334.872492,1353.102107,1456.090496,1451.381179,1263.464231,1321.647085,1431.024775,1361.144585,1340.412866,1269.996510,1319.144981,1215.307665,1012.279796,1096.815167,950.978248,1045.700757,1045.700757,1100.925767,1079.121718,1015.318065,905.940375,997.624615,987.973643,1100.389602,963.131324,1076.083448,1002.628823,1048.202861,1039.088053,1072.509014,1006.203258,996.552285,991.011912,929.710364,954.016517,936.323067,1060.355937,1188.499407,1349.527673,1364.719019,1453.364990,1221.384203,1328.259789,1504.479400,1321.647085,1404.216518
0.000000,0.000000,0.000000,0.000000,0.000000,0.000000,0.000000,0.000000,0.000000,0.000000,504.352681,1431.024775,1327.723624,1324.685355,1309.494009,1303.417470,1385.450738,1795.617075,1680.162847,1601.167848,1792.578806,1943.580783,1893.905082,1637.707503,1686.239385,1653.354589,1587.584998,1677.124577,1802.229778,1822.961497,1686.775550,1459.441528,1477.134978,1297.877097,1361.144585,1370.795557,1404.216518,1331.298058,1324.685355,1364.182854,1303.953636,1385.986903,1297.340932,1316.106712,1370.259392,1337.374596,1319.681147,1331.298058,1267.494406,1340.412866,1294.838828,1391.527276,1385.986903,1336.838431,1693.388253,1598.129579,1674.086308,1731.813422,1772.383252,1737.889961,1629.048436,1659.967293,1695.354192,1695.890357
0.000000,0.000000,0.000000,0.000000,0.000000,0.000000,0.000000,0.000000,0.000000,0.000000,753.490752,2005.257647,1859.420727,1975.411120,1838.152843,1856.382458,1868.535535,2145.018028,2148.056297,2145.018028,2139.477655,2211.859950,2277.263162,2426.969407,2231.608699,2307.118624,2099.443991,2178.975154,2281.740141,2142.515924,2172.362451,2178.438989,1929.300918,1877.650342,1911.607468,1902.492660,1881.224776,1799.191509,1901.956495,1915.181902,1871.573804,1768.272652,1883.726880,1822.961497,1813.846690,1753.081306,1801.693613,1813.846690,1874.612073,1698.928627,1729.311318,1865.497265,1911.607468,2102.482260,2224.013026,2248.855345,2148.592463,2200.243038,2193.630335,2172.362451,2197.204769,2145.018028,2126.788413,2230.089565
0.000000,0.000000,0.000000,0.000000,0.000000,0.000000,0.000000,0.000000,0.000000,0.000000,814.256135,2139.477655,2090.329183,2167.358243,2211.859950,2172.898616,2166.285912,2288.352844,2382.003023,2592.179760,2430.615329,2342.505524,2460.998021,2451.123646,2653.856624,2512.880935,2536.954750,2476.189367,2388.079561,2476.189367,2500.495520,2564.835338,2257.433987,2254.395718,2126.788413,2169.324182,2191.664396,2050.831684,1990.602466,2230.625730,2154.132836,2093.903618,2124.286309,2133.937282,2039.214773,1987.028032,2242.242641,2036.176504,2005.257647,2157.707270,2084.252645,2148.592463,2306.582459,2436.691868,2579.490518,2497.993416,2299.969756,2546.605723,2573.413980,2343.577854,2415.960149,2622.026287,2593.252091,2339.467255
0.000000,0.000000,0.000000,0.000000,0.000000,0.000000,0.000000,0.000000,0.000000,0.000000,948.476144,2330.888612,2345.543793,2151.094567,2415.960149,2306.582459,2293.893217,2318.735536,2515.686866,2618.988018,2691.906477,2758.748399,2591.643595,2552.682261,2583.744095,2771.205303,2654.991507,2463.580550,2552.146096,2640.792067,2604.869002,2640.255902,2637.217633,2543.567454,2270.659394,2464.036290,2300.505921,2214.898219,2270.123229,2251.893614,2220.974757,2214.898219,2309.620728,2187.553797,2251.357449,2287.816679,2272.625333,2239.204372,2230.625730,2175.936885,2524.801674,2559.294965,2777.514179,2604.332837,2748.203818,2631.141094,2676.715132,2443.304571,2671.710924,2445.806675,2491.380713,2546.605723,2628.638990,2588.605326
0.000000,0.000000,0.000000,0.000000,0.000000,0.000000,0.000000,0.000000,0.000000,0.000000,881.098057,2264.046691,2330.888612,2376.462650,2293.893217,2354.658600,2401.304968,2363.317668,2271.794277,2731.868653,2728.669534,2607.004727,2593.019752,2673.381972,2668.440316,2668.815632,2933.600789,2665.321622,2756.469697,2551.234615,2529.135675,2553.897569,2590.276374,2741.278351,2380.180061,2406.014285,2355.275190,2157.171105,2385.041292,2260.472256,2441.338632,2140.013820,2230.089565,2230.089565,2358.233035,2346.079958,2303.008025,2452.499804,2498.672559,2411.929974,2585.647482,2736.569034,2594.306549,2645.876700,2704.595719,2564.147259,2465.787763,2792.017446,2823.311619,2769.918506,2816.627427,2622.410538,2634.644040,2706.945910
0.000000,0.000000,0.000000,0.000000,0.000000,0.000000,0.000000,0.000000,0.000000,0.000000,871.983249,2198.795392,2167.501220,2292.302594,2301.336977,2219.911363,2164.462951,2504.373781,2254.708481,2518.269395,2749.410189,2886.355704,2754.807585,2605.619633,2818.307411,2651.345584,2756.853949,2768.015120,2876.012272,2631.221519,2773.412516,2772.268697,2663.650574,2665.402047,2610.936604,2667.144584,2436.995695,2184.059787,2204.952356,2293.821729,2220.143701,2109.854531,2174.033499,2167.501220,2046.426194,2337.644293,2102.330347,2355.266254,2398.933778,2408.888577,2755.182901,2515.231126,2665.929276,2634.331277,2796.655275,2648.763055,2778.050344,2800.229709,2736.193718,2594.833778,2873.979225,2664.562055,2749.633591,2799.693544
0.000000,0.000000,0.000000,0.000000,0.000000,0.000000,0.000000,0.000000,0.000000,0.000000,599.075190,1741.464395,1713.583807,1742.000560,1743.966499,1637.627078,1710.545538,1619.933628,1649.780155,1783.008258,1971.836686,2023.487262,2163.247643,1947.530533,2020.985158,1963.794209,2072.635734,2051.367849,2085.923693,2147.448644,2125.421192,2016.499243,2041.797302,2093.447877,2032.602069,1999.181109,1968.798417,1859.956892,1865.497265,1656.392858,1613.857090,1582.938233,1640.665347,1567.746888,1820.459393,1708.043434,1750.659627,1776.931719,2002.219378,1898.918226,1957.717671,2150.638826,2059.946492,2050.831684,1904.994764,2013.916714,2023.031521,2072.099568,2059.946492,2038.678608,2072.635734,2065.567290,2032.682494,2069.061299
0.000000,0.000000,0.000000,0.000000,0.000000,0.000000,0.000000,0.000000,0.000000,0.000000,659.840573,1674.086308,1719.660346,1681.235177,1720.196511,1583.474398,1772.919417,1726.273049,1716.622076,1655.856693,1862.995161,1904.994764,2032.602069,2093.903618,2181.477258,2075.137838,2005.257647,2032.602069,2020.985158,2075.502964,2072.099568,2048.704896,2033.138234,1993.104570,2099.443991,2017.410723,2066.559195,2005.257647,1860.493057,1759.694010,1714.119972,1695.354192,1641.201513,1652.818424,1582.938233,1701.966896,1835.114574,1974.874955,2072.099568,1911.071303,1987.028032,2135.903221,2090.329183,1929.837083,1904.994764,1810.808420,1980.951494,2169.324182,2023.487262,1935.377456,1969.334582,2066.023030,2158.243435,2050.831684
0.000000,0.000000,0.000000,0.000000,0.000000,0.000000,0.000000,0.000000,0.000000,0.000000,684.146727,1716.622076,1762.732279,1829.038035,1701.966896,1625.474002,1780.425729,1570.785157,1684.809611,1686.239385,1664.971501,1911.071303,1950.568802,2112.133233,2123.750144,2035.640338,1956.645340,1965.760148,1987.028032,2114.635337,2066.863022,2111.881769,2199.787298,2036.712669,2197.204769,2227.051296,1993.640735,2008.295916,2060.482657,1893.377853,1619.933628,1780.425729,1701.430731,1605.278448,1649.780155,1814.382855,1944.492264,1977.913224,1902.492660,2066.559195,2011.334185,2066.023030,2105.520529,2197.204769,1978.449390,2169.324182,2029.563800,1996.679004,2202.745142,1945.028429,2054.406119,2017.946889,1984.525928,2175.400720
0.000000,0.000000,0.000000,0.000000,0.000000,0.000000,0.000000,0.000000,0.000000,0.000000,648.223662,1507.517669,1759.157845,1735.924022,1698.392461,1634.588809,1719.660346,1714.119972,1714.119972,1589.014772,1668.009770,1929.300918,2163.247643,1926.262649,2151.094567,2042.789207,2109.094963,2070.133630,1956.645340,1941.453994,1956.645340,2027.061696,2216.953519,2214.290565,2102.026520,2084.788810,2099.443991,1977.913224,2023.487262,2126.788413,1771.310921,1622.435732,1705.005165,1814.382855,1662.469397,1853.880354,2105.520529,2181.477258,1974.874955,1859.956892,1990.066301,1914.645737,2105.520529,1859.420727,2023.487262,2133.401117,2145.018028,2033.138234,1957.181505,2015.980950,2093.903618,2033.674400,2066.023030,1929.837083
0.000000,0.000000,0.000000,0.000000,0.000000,0.000000,0.000000,0.000000,0.000000,0.000000,653.227870,1760.230175,1677.124577,1625.474002,1646.741886,1689.813819,1598.129579,1731.813422,1751.115368,1717.694407,1720.196511,1977.913224,2231.161895,1990.066301,2087.827079,1965.760148,2008.295916,1990.066301,1988.100362,2024.559592,2175.936885,1977.913224,1914.109572,2156.268560,2151.782645,1934.921716,2069.597464,1999.181109,2099.443991,2193.272891,1872.646134,1862.458996,1662.469397,1884.263046,1898.918226,1887.301315,2073.171899,1920.186110,2087.827079,2276.735933,1966.296313,2045.827476,2062.984761,2063.520926,2123.750144,1987.028032,1983.989763,2081.214376,2008.832081,1999.717274,2081.214376,2066.559195,1968.798417,1823.497662
0.000000,0.000000,0.000000,0.000000,0.000000,0.000000,0.000000,0.000000,0.000000,0.000000,659.304408,1704.469000,1698.392461,1710.545538,1646.741886,1771.847087,1637.627078,1551.125768,1634.588809,1595.091310,1695.354192,1543.440734,2047.793415,1929.837083,1884.799211,2044.755146,2096.405722,2070.133630,2042.253042,1941.990160,2020.448993,2081.750541,1923.760545,2039.214773,2151.094567,2011.789926,2018.170291,2041.716877,1956.645340,1911.071303,2051.367849,2099.443991,1945.028429,2084.788810,2060.482657,2002.755543,1968.798417,2129.826682,1966.296313,2121.248040,2099.443991,1956.645340,2023.487262,1996.142839,1963.258044,2012.406515,2053.869953,2002.755543,1972.372851,2090.329183,2084.252645,1883.726880,1711.081703,1687.311715
0.000000,0.000000,0.000000,0.000000,0.000000,0.000000,0.000000,0.000000,0.000000,0.000000,602.113459,1674.622473,1708.043434,1650.316320,1795.617075,1659.431128,1753.081306,1634.588809,1790.076701,1777.387460,1653.354589,1579.899964,1802.229778,2020.448993,2044.755146,2002.219378,1905.530930,2155.205166,1987.564197,1980.951494,1938.951890,1959.683609,2008.295916,1996.142839,2027.597861,2102.035456,2174.569664,2063.369013,2045.291311,1983.989763,1838.689008,2287.816679,2383.611518,2248.319180,2124.286309,1987.028032,2084.252645,2135.903221,2002.755543,1968.798417,2066.559195,2146.090359,2057.444388,2038.678608,2096.405722,2087.290914,2163.247643,2145.018028,1886.765150,1901.956495,2143.588255,1957.181505,1804.731882,1522.709015
0.000000,0.000000,0.000000,0.000000,0.000000,0.000000,0.000000,0.000000,0.000000,0.000000,622.845178,1683.201116,1692.315923,1719.660346,1634.588809,1661.933232,1616.359194,1665.507666,1571.857487,1683.737281,1771.310921,1796.689405,1671.584204,2047.793415,2005.793812,2056.908223,1994.176900,2105.520529,2045.291311,2008.832081,2138.941490,2154.669001,1938.951890,2157.171105,2081.750541,2136.975551,1918.818889,2141.372105,2005.561474,2160.209374,2218.472653,2436.691868,2403.807072,2400.232638,2075.137838,2149.128628,2132.864952,2072.099568,2084.788810,1932.875352,1990.066301,1972.372851,1980.951494,2202.745142,2062.984761,2014.372454,2078.176107,2051.367849,2209.894011,2075.137838,2195.238830,2035.640338,1829.038035,1756.119576
0.000000,0.000000,0.000000,0.000000,0.000000,0.000000,0.000000,0.000000,0.000000,0.000000,665.380946,1619.397463,1626.010167,1650.316320,1689.277654,1765.770548,1683.737281,1543.976899,1686.239385,1708.043434,1668.009770,1664.971501,1671.048039,1926.262649,2096.405722,2169.324182,2024.023427,2036.176504,2081.750541,1917.684006,2081.750541,2099.443991,2066.023030,1950.568802,1962.721879,1914.645737,2264.046691,1926.343073,2101.731629,2235.254622,2340.539585,2299.969756,2406.309176,2251.357449,2282.812471,2233.663999,2135.903221,1939.488056,1965.760148,2020.448993,1974.874955,2057.444388,2069.597464,1941.990160,1988.100362,2190.592066,1984.525928,2059.946492,2033.138234,1954.679401,2024.023427,1990.066301,1601.167848,1643.703617
0.000000,0.000000,0.000000,0.000000,0.000000,0.000000,0.000000,0.000000,0.000000,0.000000,687.184996,1720.196511,1652.818424,1629.048436,1686.239385,1622.971898,1717.158242,1716.622076,1671.584204,1631.550540,1677.660742,1750.043037,1637.627078,1822.961497,2106.056694,2081.750541,2109.094963,1993.104570,2151.630732,1965.760148,2020.985158,1941.453994,2075.674003,2196.668604,2066.023030,2257.433987,2045.827476,2203.281308,2085.324975,2284.778410,2500.495520,2365.918069,2369.849946,2459.032082,2415.423984,2351.620331,2336.428985,2154.132836,1993.640735,1950.568802,1862.458996,2096.405722,1935.377456,2044.755146,2084.252645,1947.530533,1944.492264,2029.563800,2096.405722,2057.444388,2011.334185,1643.703617,1634.588809,1595.627475
0.000000,0.000000,0.000000,0.000000,0.000000,0.000000,0.000000,0.000000,0.000000,3.038269,692.725369,1678.733073,1680.162847,1644.239782,1701.430731,1835.114574,1610.282656,1585.976502,1774.349191,1686.775550,1701.430731,1707.507269,1750.579202,1801.693613,1944.492264,1993.104570,2085.324975,2011.334185,1999.181109,1969.334582,2002.219378,2087.290914,2087.290914,2014.372454,1974.874955,2017.410723,2032.602069,2374.496711,2403.270907,2524.801674,2513.265187,2376.998815,2354.658600,2433.653599,2290.854948,2264.046691,2309.084563,2026.525531,2145.018028,2181.477258,2041.716877,2111.597068,1887.301315,2014.372454,1908.569199,2044.755146,1983.989763,2078.176107,1980.951494,2039.214773,1920.186110,1668.009770,1721.268841,1813.846690
0.000000,0.000000,0.000000,0.000000,0.000000,0.000000,0.000000,3.038269,0.000000,0.000000,717.031522,1653.354589,1686.775550,1741.464395,1705.005165,1643.703617,1723.234780,1704.469000,1675.158638,1835.650739,1705.005165,1774.885356,1710.545538,1616.359194,1634.588809,1932.339187,1923.760545,2135.903221,2075.137838,2105.520529,2029.563800,2190.592066,2163.247643,2008.832081,2027.597861,2045.291311,2346.079958,2309.084563,2388.615726,2321.237640,2406.309176,2282.276306,2415.960149,2251.893614,2239.204372,2418.462253,2266.548795,2254.395718,2121.248040,1951.104967,2059.946492,1903.028826,2078.176107,2181.477258,2057.444388,1962.721879,2227.051296,2063.520926,2087.290914,2096.405722,1847.267650,1726.273049,1723.234780,1701.430731
0.000000,0.000000,0.000000,0.000000,0.000000,0.000000,0.000000,3.038269,3.038269,3.038269,623.381343,1593.125371,1655.856693,1573.823426,1680.162847,1698.928627,1687.311715,1759.157845,1671.048039,1696.962688,1796.153240,1747.540933,1787.038432,1738.426126,1734.851691,1926.262649,2072.635734,1901.956495,1968.798417,2042.253042,2090.329183,2024.023427,1935.913621,2063.520926,2075.137838,2123.750144,2166.285912,2330.888612,2290.854948,2363.773408,2388.615726,2267.084960,2357.696870,2430.615329,2403.270907,2400.768803,2485.840340,2491.916878,2397.730534,2270.123229,1960.219775,2011.870350,1976.483451,2103.018425,2030.099965,2124.286309,1951.104967,2127.324578,1956.645340,1993.104570,1661.933232,1669.082100,1643.703617,1626.546332
0.000000,0.000000,0.000000,0.000000,0.000000,0.000000,0.000000,0.000000,3.038269,3.038269,622.845178,1680.162847,1559.168245,1728.775153,1795.617075,1771.310921,1732.349587,1695.354192,1725.736884,1672.120369,1668.545935,1699.464792,1786.502267,1677.124577,1556.129976,1841.191112,2039.214773,1914.109572,1923.224379,2121.248040,2202.745142,1999.717274,2017.410723,2027.061696,2145.554193,2197.740934,2360.735139,2196.668604,2315.697266,2355.194766,2388.079561,2342.505524,2424.538791,2184.515527,2330.352447,2233.127834,2224.013026,2205.783412,2418.998418,2206.319577,2053.869953,2044.755146,2027.597861,2166.285912,2062.984761,1935.377456,2041.716877,2021.521323,1917.147841,2026.525531,1805.268047,1689.277654,1647.814216,1765.234383
0.000000,0.000000,0.000000,0.000000,0.000000,0.000000,0.000000,3.038269,0.000000,0.000000,674.495754,1838.689008,1637.627078,1692.315923,1731.813422,1607.244387,1595.091310,1702.503061,1598.665744,1784.000163,1643.703617,1662.469397,1692.315923,1686.775550,1723.234780,1671.584204,1941.990160,2132.864952,1908.033034,2042.253042,2005.257647,2129.826682,2045.291311,2014.372454,2027.061696,2127.324578,2066.023030,2020.448993,2151.630732,2093.903618,2263.510526,2148.592463,2185.051693,2352.156496,2220.974757,2273.161498,2230.089565,2056.908223,2027.061696,2242.242641,2084.252645,2081.214376,1978.449390,1951.104967,2030.099965,2057.444388,2029.563800,2023.487262,1972.372851,1678.196908,1680.699012,1784.000163,1803.302108,1571.321322
0.000000,0.000000,0.000000,0.000000,0.000000,6.076538,3.038269,0.000000,0.000000,3.038269,710.954984,1725.736884,1652.818424,1716.622076,1577.397860,1825.999766,1777.387460,1710.545538,1628.512271,1738.426126,1744.502664,1701.430731,1780.425729,1743.966499,1734.851691,1734.851691,1731.813422,2053.869953,2084.252645,1983.989763,2002.755543,1904.994764,2032.602069,1987.028032,2099.980156,2208.821681,2063.520926,2163.247643,2020.985158,1941.453994,1969.334582,1829.574201,1844.229381,1932.339187,1988.100362,1993.640735,1951.641132,2003.291708,2002.219378,2061.018822,2081.214376,1966.296313,2036.176504,2038.678608,2038.678608,1993.640735,1969.334582,2005.257647,1829.574201,1653.354589,1619.397463,1698.928627,1628.512271,1567.746888
0.000000,0.000000,6.076538,0.000000,3.038269,0.000000,6.076538,3.038269,0.000000,9.114807,744.375945,1583.474398,1666.043831,1713.583807,1716.622076,1585.976502,1638.163243,1625.474002,1753.617472,1598.665744,1540.402465,1658.894962,1729.847483,1643.703617,1714.656138,1698.928627,1498.402862,1950.568802,2020.448993,2107.129025,2175.936885,2093.367453,2005.257647,1988.636527,2002.219378,1908.033034,1944.492264,1826.535931,1759.157845,1783.463998,1652.818424,1801.693613,2026.525531,1664.971501,1619.397463,1680.699012,1802.229778,1686.239385,2044.755146,1816.884959,1999.181109,1947.530533,2050.831684,1969.334582,1971.836686,2033.138234,2011.334185,2115.171502,1510.019773,1731.813422,1645.312112,1593.125371,1607.780552,1716.622076
0.000000,6.076538,6.076538,0.000000,6.076538,6.076538,0.000000,3.038269,0.000000,9.114807,726.146330,1771.310921,1610.818821,1702.503061,1677.124577,1722.698615,1740.928230,1733.421918,1598.665744,1671.584204,1692.852088,1537.900361,1689.813819,1619.933628,1737.889961,1701.430731,1570.785157,1923.224379,2050.831684,1938.415725,1905.530930,2050.831684,1862.458996,1804.731882,1616.359194,1641.201513,1661.933232,1604.742283,1601.704013,1696.426523,1617.431524,1686.239385,1579.899964,1625.474002,1592.589206,1695.890357,1653.890754,1714.119972,1774.885356,1494.828428,1844.229381,1689.277654,1889.803419,1911.071303,1987.028032,2017.410723,2045.291311,1887.837480,1692.852088,1534.862092,1728.775153,1823.497662,1655.856693,1619.933628
0.000000,0.000000,3.038269,6.076538,3.038269,0.000000,0.000000,3.038269,3.038269,3.038269,656.266139,1479.637082,1410.829221,1412.795160,1598.665744,1403.680353,1599.201909,1427.986506,1431.024775,1476.598813,1543.440734,1596.163640,1626.010167,1440.139583,1643.703617,1558.632080,1456.939424,1401.178249,1742.536725,1552.555542,1549.517273,1494.828428,1598.129579,1543.440734,1461.407467,1486.249785,1519.134581,1461.943632,1479.637082,1604.742283,1398.139980,1418.871699,1488.751889,1388.489007,1449.254390,1510.019773,1470.522274,1598.665744,1555.593811,1656.392858,1510.019773,1547.551334,1397.603814,1671.048039,1583.474398,1543.440734,1528.785554,1446.216121,1476.598813,1516.096312,1453.901155,1431.024775,1494.828428,1422.982298
6.076538,3.038269,6.076538,3.038269,0.000000,3.038269,0.000000,3.038269,3.038269,6.076538,574.232872,1145.427474,1175.810166,1203.154588,1182.959034,1154.542282,1087.700360,1194.575946,1197.078050,1088.772690,1181.886704,1194.575946,1185.997303,1118.083052,1182.959034,1231.035176,1108.968244,1298.413262,1279.111317,1248.728626,1124.159590,1279.111317,1252.839225,1276.073048,1130.236128,1370.795557,1274.107109,1279.111317,1173.844227,1139.350936,1254.805164,1184.924973,1215.307665,1212.805561,1209.231126,1127.197859,1181.886704,1243.188252,1230.499011,1264.992302,1181.886704,1182.422869,1257.843433,1128.270189,1167.231523,1093.776898,1102.891706,1203.154588,1201.188649,1242.652087,1230.499011,1282.149586,1139.887101,1181.886704
3.038269,3.038269,3.038269,3.038269,0.000000,0.000000,0.000000,6.076538,0.000000,6.076538,425.357683,917.557287,908.442479,984.399208,911.480749,921.131721,881.098057,938.825171,887.174595,1029.973246,975.820566,878.595953,911.480749,955.088847,997.088450,884.136326,930.782694,975.820566,990.475747,981.897104,966.705759,878.059788,908.442479,878.059788,1018.356334,1033.011515,920.595556,900.400002,905.940375,811.217866,908.442479,875.021519,957.590951,958.127116,1021.394604,1067.504806,954.552682,984.399208,929.710364,1018.356334,981.897104,978.322670,921.131721,902.902106,911.480749,1002.628823,881.634222,860.366338,893.251134,905.404210,881.098057,881.634222,1054.815564,890.212864
