0.000000,0.000000,0.000000,0.000000,0.000000,0.000000,3.574434,3.574434,0.000000,0.000000,0.000000,0.000000,0.000000,0.000000,3.574434,0.000000,0.000000,0.000000,0.000000,0.000000,0.000000,6.076538,72.918460,328.133069,519.544027,525.620565,598.539025,552.964987,534.735372,671.457485,783.873444,865.906711
10.187138,3.574434,0.000000,0.000000,0.000000,0.000000,0.000000,0.000000,0.000000,0.000000,0.000000,0.000000,0.000000,0.000000,0.000000,0.000000,0.000000,0.000000,0.000000,0.000000,0.000000,6.076538,103.301152,373.707107,665.380946,701.840176,628.921717,808.179597,723.644226,726.146330,823.370943,1084.662091
0.000000,0.000000,0.000000,0.000000,3.574434,0.000000,3.574434,0.000000,0.000000,3.574434,0.000000,0.000000,7.148869,0.000000,3.574434,0.000000,3.574434,0.000000,0.000000,7.148869,0.000000,0.000000,51.650576,346.362684,602.649624,698.801907,641.610958,610.692102,701.840176,778.333071,844.638827,1096.815167
3.574434,0.000000,3.574434,7.148869,0.000000,0.000000,3.574434,0.000000,0.000000,0.000000,3.574434,0.000000,3.574434,0.000000,0.000000,0.000000,3.574434,0.000000,0.000000,0.000000,3.574434,6.612703,51.650576,352.975388,638.036524,628.921717,625.883447,616.768640,665.917112,774.758636,847.677096,1076.083448
0.000000,0.000000,0.000000,0.000000,7.148869,3.574434,0.000000,0.000000,3.574434,0.000000,0.000000,0.000000,0.000000,0.000000,0.000000,3.574434,0.000000,0.000000,0.000000,0.000000,0.000000,0.000000,66.841922,353.511553,625.883447,641.074793,623.381343,704.878446,710.954984,723.108061,826.409212,1099.853437
0.000000,0.000000,3.038269,3.574434,0.000000,0.000000,0.000000,0.000000,0.000000,0.000000,3.574434,3.574434,0.000000,0.000000,0.000000,0.000000,3.574434,0.000000,0.000000,0.000000,0.000000,6.076538,100.799047,389.434618,565.654229,608.189998,674.495754,701.840176,668.419216,756.529021,899.327672,1166.695358
3.038269,3.574434,13.225407,3.574434,0.000000,0.000000,0.000000,0.000000,0.000000,3.574434,0.000000,0.000000,3.574434,0.000000,0.000000,3.574434,0.000000,0.000000,0.000000,0.000000,0.000000,3.038269,69.880191,325.630965,701.840176,656.266139,677.534023,662.342677,613.730371,707.916715,811.217866,1085.198256
3.038269,0.000000,0.000000,3.574434,3.574434,3.574434,0.000000,0.000000,0.000000,0.000000,0.000000,0.000000,0.000000,0.000000,3.574434,3.574434,0.000000,0.000000,10.187138,0.000000,0.000000,12.153077,69.880191,352.439223,675.031919,625.883447,610.692102,619.806909,622.845178,689.687100,811.217866,1255.341329
3.574434,3.574434,9.650973,3.574434,0.000000,0.000000,3.574434,0.000000,0.000000,3.574434,0.000000,0.000000,0.000000,0.000000,0.000000,3.038269,3.574434,3.574434,6.612703,0.000000,0.000000,6.076538,88.109806,361.554030,586.385948,695.763638,659.840573,601.577294,659.304408,662.342677,850.715365,1087.700360
3.574434,0.000000,0.000000,0.000000,0.000000,3.038269,0.000000,0.000000,0.000000,0.000000,3.574434,0.000000,0.000000,0.000000,0.000000,0.000000,3.574434,3.574434,3.574434,0.000000,0.000000,9.114807,103.837317,389.434618,650.725766,605.151728,680.572292,628.921717,735.261137,674.495754,866.442876,1127.734024
0.000000,0.000000,0.000000,6.612703,0.000000,0.000000,0.000000,3.038269,0.000000,0.000000,0.000000,0.000000,3.574434,0.000000,3.038269,0.000000,0.000000,0.000000,3.038269,6.612703,0.000000,3.574434,82.033267,388.898453,625.883447,659.304408,695.763638,659.304408,647.687497,741.873841,818.366735,1121.121321
0.000000,6.612703,3.574434,0.000000,0.000000,3.038269,0.000000,3.038269,3.574434,0.000000,0.000000,0.000000,0.000000,0.000000,3.574434,6.612703,0.000000,10.187138,6.612703,6.612703,9.114807,12.689242,94.186344,385.860184,595.500756,668.419216,634.998255,684.146727,625.883447,713.993253,823.370943,1054.279399
3.574434,0.000000,0.000000,6.612703,3.574434,3.574434,0.000000,0.000000,3.038269,0.000000,3.574434,3.574434,0.000000,0.000000,0.000000,6.076538,6.612703,3.574434,6.076538,0.000000,3.038269,3.038269,57.727114,355.477492,634.998255,638.572689,705.414611,689.687100,695.763638,732.759033,878.059788,1099.853437
0.000000,0.000000,0.000000,0.000000,0.000000,3.574434,3.574434,0.000000,0.000000,10.723303,3.038269,3.574434,6.076538,6.612703,3.038269,3.038269,9.650973,3.574434,3.038269,13.225407,3.038269,12.153077,85.607702,334.209608,562.079795,635.534420,699.338072,723.108061,707.916715,677.534023,875.021519,1145.963639
3.038269,6.076538,6.612703,0.000000,0.000000,3.574434,0.000000,0.000000,0.000000,0.000000,3.038269,3.038269,0.000000,3.038269,6.076538,3.038269,0.000000,6.076538,0.000000,3.038269,3.038269,6.076538,88.109806,373.707107,610.692102,622.845178,580.309410,595.500756,675.031919,732.759033,902.902106,1200.652484
3.574434,3.574434,0.000000,0.000000,3.038269,9.650973,0.000000,0.000000,3.038269,0.000000,0.000000,6.076538,3.038269,3.038269,3.038269,6.076538,3.038269,6.076538,0.000000,3.038269,3.038269,9.114807,88.109806,394.974991,562.079795,625.883447,599.075190,671.993650,653.227870,757.601352,856.791904,1042.662488
3.038269,0.000000,0.000000,6.612703,3.574434,0.000000,3.574434,7.148869,0.000000,0.000000,0.000000,6.612703,6.076538,3.038269,0.000000,9.114807,6.076538,3.038269,6.076538,9.650973,10.187138,0.000000,79.531163,416.242875,565.118064,650.189601,616.768640,686.648831,595.500756,574.232872,899.327672,1093.776898
0.000000,6.076538,10.187138,0.000000,0.000000,0.000000,3.038269,9.650973,0.000000,3.574434,6.076538,0.000000,3.038269,0.000000,3.038269,6.076538,3.574434,0.000000,0.000000,0.000000,12.689242,12.153077,72.918460,389.434618,568.156333,644.113062,586.922113,647.687497,665.380946,771.720367,792.988251,1130.236128
0.000000,0.000000,0.000000,0.000000,0.000000,0.000000,0.000000,6.076538,3.038269,3.038269,3.038269,3.038269,6.076538,9.195232,29.319297,0.000000,3.574434,3.038269,0.000000,12.689242,3.038269,6.076538,75.956729,428.395952,662.342677,619.806909,650.189601,656.266139,671.457485,613.730371,868.944980,1093.776898
6.076538,6.076538,0.000000,3.574434,3.038269,3.038269,3.038269,0.000000,3.038269,6.076538,3.038269,0.000000,3.574434,0.000000,41.016634,46.717856,9.114807,12.153077,0.000000,0.000000,3.038269,0.000000,72.918460,401.587695,586.922113,613.730371,717.031522,726.146330,638.036524,695.763638,850.715365,1057.317668
0.000000,0.000000,3.574434,3.574434,10.723303,3.038269,0.000000,9.650973,12.153077,9.650973,6.076538,6.612703,3.038269,9.114807,13.225407,29.855463,29.319297,3.038269,3.038269,0.000000,0.000000,3.574434,66.841922,373.707107,720.069791,631.959986,635.534420,707.916715,713.993253,720.069791,792.988251,1066.432476
9.650973,3.038269,6.612703,7.148869,3.038269,9.114807,6.612703,6.076538,6.076538,3.038269,9.650973,9.650973,0.000000,9.650973,3.038269,12.689242,34.484355,22.938932,3.038269,6.612703,3.038269,9.114807,75.956729,349.400954,638.036524,707.916715,668.419216,677.534023,701.840176,774.758636,799.064790,1145.427474
3.038269,6.076538,3.038269,3.038269,3.038269,3.038269,0.000000,3.038269,10.187138,3.038269,9.114807,6.076538,3.038269,0.000000,9.650973,3.038269,5.165058,46.941259,3.038269,0.000000,9.650973,6.076538,75.956729,377.281541,565.118064,595.500756,686.648831,659.304408,698.801907,638.036524,799.064790,1039.088053
3.038269,0.000000,6.076538,9.650973,9.114807,3.574434,6.612703,6.612703,3.038269,9.114807,12.153077,6.076538,6.076538,0.000000,3.038269,3.038269,0.000000,29.632060,75.349075,21.571711,3.038269,3.038269,78.994998,404.625964,580.309410,653.227870,571.194602,641.074793,665.917112,741.337675,853.753634,1056.710014
9.114807,6.076538,3.038269,3.038269,12.153077,15.191346,9.114807,3.038269,3.038269,3.038269,6.076538,3.038269,3.574434,3.038269,3.038269,0.000000,0.000000,0.000000,31.901826,54.233105,9.195232,9.114807,85.607702,312.941724,562.615960,610.692102,565.118064,653.227870,720.069791,699.338072,786.992138,1191.153425
6.076538,9.114807,6.076538,0.000000,6.076538,6.076538,0.000000,3.574434,9.114807,3.038269,3.038269,6.076538,6.612703,3.574434,3.038269,3.038269,3.038269,0.000000,5.620798,74.893335,104.748797,3.038269,75.956729,385.860184,604.615563,656.802304,641.610958,717.031522,698.801907,677.614448,1007.266652,1023.896708
6.076538,3.038269,3.038269,0.000000,6.076538,12.153077,6.076538,6.076538,6.076538,15.191346,3.038269,6.612703,6.076538,0.000000,9.114807,6.612703,3.038269,3.574434,0.000000,8.659067,97.456951,89.173200,103.301152,419.281144,531.697103,668.419216,650.189601,540.811911,661.886937,746.502733,917.941539,1057.317668
6.076538,3.574434,15.727511,9.650973,6.076538,3.038269,9.650973,9.114807,3.038269,3.038269,3.038269,3.038269,0.000000,0.000000,3.038269,6.076538,9.650973,6.612703,6.076538,3.574434,21.652136,148.571362,161.787833,361.554030,625.883447,717.031522,556.003257,685.737350,619.958822,780.075607,828.536000,1102.891706
0.000000,3.038269,6.076538,9.114807,3.038269,3.038269,9.114807,0.000000,10.187138,9.650973,3.038269,3.038269,6.076538,3.038269,3.038269,0.000000,12.689242,3.038269,9.114807,3.038269,12.153077,34.028615,269.798302,365.199953,571.730768,619.806909,740.881935,712.929859,747.563000,760.863023,820.332674,1048.202861
3.038269,6.076538,12.153077,0.000000,3.038269,6.076538,6.076538,3.038269,9.650973,6.076538,10.187138,3.038269,3.038269,3.038269,9.114807,9.114807,6.076538,9.650973,9.650973,9.650973,3.038269,3.038269,89.628940,506.631383,617.983948,656.266139,722.956147,723.867628,648.214726,634.998255,851.251530,1067.504806
12.153077,6.612703,12.153077,18.229615,6.076538,0.000000,3.038269,12.153077,3.038269,3.038269,6.612703,3.038269,9.114807,3.038269,6.076538,0.000000,0.000000,6.612703,3.038269,0.000000,0.000000,9.114807,103.301152,477.463999,689.383273,622.693265,720.677445,814.408049,713.993253,625.883447,814.256135,1079.121718
3.038269,6.076538,9.650973,9.650973,9.114807,0.000000,16.799841,15.191346,6.076538,3.038269,6.076538,6.612703,12.153077,3.574434,7.148869,3.038269,6.076538,6.076538,0.000000,3.038269,3.574434,10.723303,88.109806,364.136559,702.903571,868.113924,658.321439,707.916715,729.184599,747.414214,832.485750,1139.887101
6.076538,12.153077,0.000000,9.114807,3.574434,6.076538,10.187138,6.076538,3.038269,3.038269,0.000000,3.038269,0.000000,0.000000,9.114807,0.000000,0.000000,7.148869,0.000000,0.000000,6.612703,12.153077,78.994998,337.784042,647.455158,763.668954,705.486099,598.083285,662.878842,713.993253,829.447481,1112.006513
6.076538,9.114807,0.000000,9.114807,3.574434,6.076538,3.038269,6.076538,9.114807,0.000000,6.076538,6.612703,0.000000,9.114807,3.038269,3.038269,3.038269,3.038269,3.574434,3.038269,0.000000,3.038269,88.109806,447.617472,760.478771,633.175293,751.212050,661.127370,641.610958,729.184599,796.562686,1048.202861
9.114807,9.114807,3.038269,6.076538,0.000000,3.038269,12.153077,3.038269,15.191346,15.727511,0.000000,12.153077,9.650973,0.000000,6.612703,3.038269,12.153077,6.612703,3.574434,3.038269,3.038269,6.076538,127.231989,483.924789,604.463650,662.342677,660.063975,762.605560,667.659648,638.036524,851.787696,1191.537677
6.076538,12.153077,6.076538,3.038269,13.225407,3.038269,6.076538,3.574434,3.038269,6.076538,6.076538,6.076538,3.038269,0.000000,3.038269,3.038269,3.038269,6.076538,6.076538,0.000000,3.038269,21.115971,241.390485,424.294288,610.692102,595.500756,696.299803,726.378668,743.768291,724.484218,938.825171,1263.919971
9.114807,21.267884,9.114807,9.114807,9.114807,12.153077,3.038269,12.689242,3.038269,6.076538,9.650973,12.689242,0.000000,3.038269,6.076538,6.076538,3.574434,0.000000,6.612703,9.114807,26.736769,140.823776,138.241247,374.243272,580.845575,641.074793,656.266139,661.886937,674.040014,861.501221,785.544492,1209.231126
0.000000,3.038269,6.076538,3.038269,6.612703,12.153077,0.000000,3.574434,6.612703,3.574434,6.076538,3.574434,6.076538,3.038269,3.038269,0.000000,3.038269,0.000000,3.038269,5.620798,56.815633,104.212632,112.415959,340.822311,641.074793,631.959986,695.763638,641.074793,694.852157,679.285496,948.547632,1115.044782
3.574434,6.076538,6.612703,0.000000,0.000000,3.038269,3.038269,9.114807,0.000000,7.148869,9.114807,12.153077,3.038269,0.000000,3.038269,3.574434,9.114807,3.574434,0.000000,70.184018,108.921949,28.559730,45.574037,373.707107,692.725369,592.462487,765.643829,617.304805,653.764035,675.031919,968.528720,1183.102012
3.038269,0.000000,0.000000,3.038269,6.076538,6.076538,3.038269,6.612703,3.038269,6.076538,3.038269,0.000000,9.650973,3.038269,3.038269,3.574434,6.612703,6.076538,10.330115,77.475864,17.854299,12.153077,88.109806,322.056531,625.883447,665.380946,540.811911,738.299406,683.610561,738.299406,876.236826,1252.678375
6.076538,0.000000,16.263676,3.038269,9.114807,6.076538,6.076538,3.038269,9.650973,12.153077,3.574434,6.076538,3.038269,0.000000,0.000000,0.000000,3.038269,3.038269,52.642481,8.203327,0.000000,15.191346,57.727114,319.554427,613.730371,648.223662,589.960383,668.419216,701.840176,662.342677,820.868839,1118.842619
3.574434,0.000000,0.000000,6.076538,12.153077,0.000000,3.038269,0.000000,6.076538,6.076538,3.038269,3.038269,3.038269,3.038269,0.000000,15.727511,9.114807,41.776201,23.019357,0.000000,6.076538,3.038269,80.067329,416.242875,647.151331,619.806909,750.452483,683.610561,710.954984,677.534023,896.289403,1063.930372
3.038269,9.650973,0.000000,9.650973,0.000000,6.612703,3.038269,3.574434,3.038269,3.038269,0.000000,0.000000,6.076538,3.038269,3.038269,12.233501,46.941259,22.027451,3.038269,3.038269,7.148869,6.076538,109.377690,440.549028,602.113459,656.802304,586.385948,656.802304,656.266139,695.763638,799.064790,1078.585552
3.038269,0.000000,22.340214,0.000000,3.038269,9.650973,3.038269,9.650973,0.000000,3.038269,0.000000,0.000000,3.038269,3.038269,0.000000,44.358730,49.916975,3.574434,6.076538,0.000000,3.574434,9.114807,63.803652,349.400954,610.692102,601.577294,644.113062,610.692102,647.687497,683.610561,908.442479,1026.934977
3.038269,3.574434,0.000000,0.000000,0.000000,3.038269,3.038269,3.574434,3.038269,6.076538,0.000000,3.038269,0.000000,6.076538,18.533442,40.185578,6.076538,6.612703,6.076538,3.038269,3.574434,6.076538,60.765383,349.400954,556.003257,659.304408,689.687100,754.026917,599.075190,713.993253,841.600558,1194.039781
0.000000,7.148869,0.000000,0.000000,3.038269,6.612703,3.574434,6.612703,0.000000,6.612703,9.114807,3.038269,3.574434,9.114807,16.406653,3.574434,6.076538,3.038269,6.076538,0.000000,0.000000,6.612703,72.918460,431.434221,592.462487,641.074793,759.567290,546.888449,659.840573,650.189601,726.146330,1118.083052
0.000000,3.038269,0.000000,0.000000,0.000000,0.000000,6.612703,6.612703,0.000000,3.038269,0.000000,6.612703,0.000000,6.076538,3.038269,12.153077,6.612703,6.076538,3.038269,3.038269,0.000000,9.114807,60.765383,365.128465,623.381343,656.802304,701.840176,681.108457,698.801907,668.419216,878.059788,1026.934977
3.038269,0.000000,3.038269,0.000000,0.000000,3.574434,3.038269,0.000000,6.612703,9.114807,9.114807,6.076538,0.000000,0.000000,3.038269,0.000000,9.650973,3.038269,3.038269,0.000000,0.000000,6.076538,70.952521,385.860184,583.347679,650.189601,641.074793,698.801907,738.835571,659.304408,814.256135,1191.001511
3.038269,0.000000,0.000000,0.000000,7.148869,0.000000,0.000000,6.076538,0.000000,3.038269,3.574434,0.000000,6.612703,6.612703,6.612703,3.038269,9.650973,3.038269,0.000000,6.612703,3.574434,9.114807,66.841922,419.281144,607.653832,644.113062,625.883447,595.500756,644.649227,635.534420,799.064790,1181.886704
6.076538,0.000000,0.000000,3.574434,0.000000,0.000000,3.574434,6.076538,0.000000,3.574434,0.000000,0.000000,3.038269,3.038269,3.038269,0.000000,3.038269,6.076538,0.000000,0.000000,3.038269,9.114807,69.880191,392.472887,613.730371,690.223265,690.223265,735.261137,723.108061,701.840176,887.174595,1124.695755
6.076538,3.038269,0.000000,0.000000,3.038269,3.038269,3.038269,0.000000,6.612703,0.000000,0.000000,0.000000,0.000000,0.000000,9.650973,0.000000,3.038269,9.650973,9.114807,3.038269,9.114807,12.689242,60.765383,374.243272,556.539422,607.653832,641.074793,668.419216,689.687100,692.725369,817.830570,1036.585949
3.574434,0.000000,3.574434,3.038269,7.148869,0.000000,3.038269,0.000000,0.000000,3.038269,0.000000,0.000000,0.000000,3.574434,3.038269,3.038269,0.000000,3.038269,12.689242,0.000000,6.076538,12.153077,100.262882,331.707504,638.036524,607.653832,735.797302,634.998255,747.414214,678.070188,853.753634,1096.815167
0.000000,0.000000,0.000000,3.038269,6.612703,6.076538,3.574434,0.000000,0.000000,0.000000,0.000000,3.574434,3.574434,0.000000,3.574434,0.000000,6.612703,7.148869,3.574434,6.076538,3.574434,12.153077,72.918460,394.974991,628.921717,623.381343,586.385948,674.495754,625.883447,634.998255,853.753634,1109.504409
3.038269,3.038269,0.000000,0.000000,0.000000,0.000000,0.000000,6.612703,0.000000,3.574434,3.574434,0.000000,3.574434,0.000000,0.000000,0.000000,0.000000,0.000000,0.000000,0.000000,6.076538,15.191346,82.033267,398.549425,556.003257,631.959986,738.299406,659.304408,692.725369,723.644226,875.021519,963.131324
3.574434,9.650973,0.000000,0.000000,0.000000,0.000000,3.038269,0.000000,0.000000,0.000000,0.000000,0.000000,0.000000,0.000000,0.000000,3.574434,0.000000,0.000000,14.297737,3.038269,3.038269,12.153077,94.722509,422.855579,592.462487,702.376342,710.954984,675.568084,707.916715,732.759033,817.830570,1130.772293
3.038269,0.000000,0.000000,0.000000,0.000000,0.000000,0.000000,0.000000,0.000000,0.000000,3.574434,0.000000,3.574434,0.000000,3.574434,0.000000,0.000000,0.000000,9.650973,0.000000,0.000000,3.038269,69.880191,388.898453,625.883447,720.069791,595.500756,619.806909,693.797699,695.763638,781.371340,1036.585949
0.000000,0.000000,0.000000,0.000000,3.038269,3.038269,3.574434,0.000000,0.000000,0.000000,0.000000,0.000000,0.000000,0.000000,0.000000,3.574434,3.574434,0.000000,6.612703,0.000000,0.000000,9.650973,82.033267,343.860580,678.070188,659.840573,650.189601,653.227870,656.266139,708.452880,805.141328,1066.432476
0.000000,0.000000,0.000000,0.000000,0.000000,0.000000,10.723303,3.574434,0.000000,0.000000,0.000000,7.148869,0.000000,0.000000,0.000000,3.574434,0.000000,0.000000,3.038269,3.574434,0.000000,9.114807,85.071537,401.051529,599.075190,598.539025,650.189601,628.921717,622.845178,710.954984,859.830173,1206.192857
16.263676,0.000000,3.574434,0.000000,0.000000,3.574434,0.000000,0.000000,3.574434,3.574434,0.000000,0.000000,0.000000,3.574434,0.000000,10.723303,0.000000,3.574434,0.000000,0.000000,0.000000,10.187138,45.574037,395.511156,610.692102,665.380946,635.534420,626.419612,717.031522,616.768640,875.557684,1230.499011
0.000000,0.000000,0.000000,3.574434,0.000000,0.000000,0.000000,0.000000,0.000000,0.000000,0.000000,0.000000,0.000000,0.000000,0.000000,3.574434,0.000000,0.000000,0.000000,3.038269,0.000000,3.038269,78.994998,352.975388,671.457485,662.342677,607.653832,644.113062,647.151331,701.840176,805.141328,1103.964036
0.000000,9.650973,0.000000,0.000000,0.000000,0.000000,0.000000,3.574434,0.000000,0.000000,3.574434,3.574434,0.000000,0.000000,0.000000,0.000000,0.000000,3.574434,0.000000,0.000000,0.000000,6.076538,72.918460,346.362684,635.534420,741.337675,656.266139,631.959986,656.266139,744.375945,808.179597,1039.088053
0.000000,3.574434,0.000000,3.574434,0.000000,0.000000,0.000000,0.000000,0.000000,0.000000,3.574434,0.000000,0.000000,0.000000,0.000000,3.574434,0.000000,0.000000,0.000000,0.000000,0.000000,6.612703,72.918460,416.779040,544.386345,656.802304,762.605560,704.878446,696.299803,726.146330,850.715365,1105.929975
0.000000,0.000000,0.000000,0.000000,0.000000,0.000000,0.000000,3.574434,0.000000,0.000000,0.000000,0.000000,3.574434,0.000000,0.000000,0.000000,0.000000,0.000000,7.148869,0.000000,3.574434,6.076538,54.688845,364.592299,507.390950,604.615563,662.342677,625.883447,613.730371,589.960383,875.021519,984.399208
0.000000,0.000000,0.000000,3.574434,0.000000,0.000000,3.574434,0.000000,0.000000,0.000000,0.000000,0.000000,0.000000,0.000000,3.574434,0.000000,0.000000,0.000000,0.000000,0.000000,0.000000,6.076538,66.841922,294.712109,534.735372,568.156333,546.888449,574.769037,638.036524,659.304408,732.222868,850.715365
